{
  "parameters": {
    "startTime": "2019-03-04T14:05:59.928Z",
    "endTime": "2019-03-05T14:05:59.928Z",
    "batchSize": "2"
  },
  "responses": {
    "200": {
      "body": {
        "value": {
          "decoratedAuditLogEntries": [
            {
              "id": "2518505060978539161;00000064-0000-8888-8000-000000000000;86fbe369-3f5d-4f52-9ab0-3be7db271948",
              "correlationId": "86fbe369-3f5d-4f52-9ab0-3be7db271948",
              "activityId": "033fde68-f713-4984-b24f-8d7a73d1ade6",
              "actorCUID": "a718550e-4777-4058-8298-bff88d0cb524",
              "actorUserId": "d6a98b6c-6932-485c-a986-aea9fc981df0",
              "authenticationMechanism": "FedAuth",
              "timestamp": "2019-03-05T14:05:02.1460838+00:00",
              "scopeType": "organization",
              "scopeDisplayName": "fabrikam (Organization)",
              "scopeId": "73638cd5-0dda-4128-9fd6-48c16d4e4de3",
              "ipAddress": "167.220.148.131",
              "userAgent": "Mozilla/5.0 (Windows NT 10.0; Win64; x64) AppleWebKit/537.36 (KHTML, like Gecko) Chrome/72.0.3626.119 Safari/537.36",
              "actionId": "AuditLog.AccessLog",
              "data": {
                  "Filter": {
                      "StartTime": "2019-03-04T14:05:59.928Z",
                      "EndTime": "2019-03-05T14:05:59.928Z",
                      "ContinuationToken": null,
                      "BatchSize": 2,
                      "HasMore": true
                  },
                  "EventSummary": [
                      "2019-03-05T14:05:02.1460838+00:00",
                      "2019-03-05T13:59:40.4899467+00:00",
                      "2019-03-05T13:58:13.159128+00:00"
                  ]
              },
              "details": "Accessed the audit log 3 times",
              "area": "Auditing",
              "category": "access",
              "categoryDisplayName": "Access",
              "actorDisplayName": "Norman Paulk",
              "actorImageUrl": "https://dev.azure.com/fabrikam/_apis/GraphProfile/MemberAvatars/aad.NzdhMTNiN2MtYjIxNy03NDc4LWIxMjItYTlhMTU5YTFlNWQw"
            },
            {
              "id": "2518505063644965580;00000002-0000-8888-8000-000000000000;198b13cf-5201-48e8-acef-0d8bb2d9e815",
              "correlationId": "57f825b4-a940-44a3-a3cc-25cdb9871107",
              "activityId": "01abe2fd-deee-4a47-b35f-dff3edc059a4",
              "actorCUID": "00000000-0000-0000-0000-000000000000",
              "actorUserId": "00000002-0000-8888-8000-000000000000",
              "authenticationMechanism": "",
              "timestamp": "2019-03-05T14:00:35.5034419+00:00",
              "scopeType": "organization",
              "scopeDisplayName": "fabrikam (Organization)",
              "scopeId": "73638cd5-0dda-4128-9fd6-48c16d4e4de3",
              "ipAddress": null,
              "userAgent": "",
              "actionId": "Project.CreateCompleted",
              "data": {
                  "ProjectId": "2e0ffea5-d693-4711-862c-94393bacadcb",
                  "ProjectName": "fabrikam-fiber-git",
                  "ProcessTemplate": "Agile",
                  "ProjectVisibility": "Private"
              },
              "details": "fabrikam-fiber-git project was created successfully",
              "area": "Project",
              "category": "create",
              "categoryDisplayName": "Create",
              "actorDisplayName": "Azure DevOps Service",
              "actorImageUrl": null
            }
          ],
          "continuationToken": "2518505063644965580;00000002-0000-8888-8000-000000000000;198b13cf-5201-48e8-acef-0d8bb2d9e815",
          "hasMore": false
        }
      }
    }
  },
  "x-ms-vss-migrated": true,
  "x-ms-vss-request-url": "https://auditservice.dev.azure.com/fabrikam/_apis/audit/auditLog?startTime=2019-03-04T14%3A05%3A59.928Z&endTime=2019-03-05T14%3A05%3A59.928Z&batchSize=2",
  "x-ms-vss-format": 2
}