﻿{
  "swagger": "2.0",
  "info": {
    "title": "Maven",
    "description": "",
    "termsOfService": "https://go.microsoft.com/fwlink/?LinkId=329770",
    "contact": {
      "name": "nugetvss",
      "email": "nugetvss@microsoft.com"
    },
    "license": {
      "name": "MICROSOFT SOFTWARE LICENSE TERMS",
      "url": "https://go.microsoft.com/fwlink/?LinkId=329770"
    },
    "version": "6.0-preview"
  },
  "host": "pkgs.dev.azure.com",
  "x-ms-vss-area": "Maven",
  "x-ms-vss-resource-area-id": "6f7f8c07-ff36-473c-bcf3-bd6cc9b6c066",
  "basePath": "/",
  "tags": [
    {
      "name": "Maven"
    }
  ],
  "schemes": [
    "https"
  ],
  "paths": {
    "/{organization}/{project}/_apis/packaging/feeds/{feed}/maven/groups/{groupId}/artifacts/{artifactId}/versions/{version}": {
      "get": {
        "tags": [
          "Maven"
        ],
        "x-ms-docs-override-version": "6.0-preview.1",
        "x-ms-vss-resource": "versions",
        "x-ms-vss-method": "GetPackageVersion",
        "x-ms-preview": true,
        "description": "Get information about a package version.\n\nThe project parameter must be supplied if the feed was created in a project.\nIf the feed is not associated with any project, omit the project parameter from the request.",
        "operationId": "Maven_Get Package Version",
        "produces": [
          "application/json"
        ],
        "parameters": [
          {
            "in": "path",
            "name": "organization",
            "description": "The name of the Azure DevOps organization.",
            "required": true,
            "type": "string"
          },
          {
            "in": "path",
            "name": "feed",
            "description": "Name or ID of the feed.",
            "required": true,
            "type": "string"
          },
          {
            "in": "path",
            "name": "groupId",
            "description": "Group ID of the package.",
            "required": true,
            "type": "string"
          },
          {
            "in": "path",
            "name": "artifactId",
            "description": "Artifact ID of the package.",
            "required": true,
            "type": "string"
          },
          {
            "in": "path",
            "name": "version",
            "description": "Version of the package.",
            "required": true,
            "type": "string"
          },
          {
            "in": "path",
            "name": "project",
            "description": "Project ID or project name",
            "required": true,
            "x-ms-required": false,
            "type": "string"
          },
          {
            "in": "query",
            "name": "showDeleted",
            "description": "True to show information for deleted packages.",
            "required": false,
            "type": "boolean"
          },
          {
            "$ref": "#/parameters/api-Version-preview.1"
          }
        ],
        "responses": {
          "200": {
            "description": "successful operation",
            "schema": {
              "$ref": "#/definitions/Package"
            }
          }
        },
        "security": [
          {
            "oauth2": [
              "vso.packaging"
            ]
          }
        ]
      },
      "delete": {
        "tags": [
          "Maven"
        ],
        "x-ms-docs-override-version": "6.0-preview.1",
        "x-ms-vss-resource": "versions",
        "x-ms-vss-method": "PackageDelete",
        "x-ms-preview": true,
        "description": "Delete a package version from the feed and move it to the feed's recycle bin.\n\nThe project parameter must be supplied if the feed was created in a project.\nIf the feed is not associated with any project, omit the project parameter from the request.",
        "operationId": "Maven_DeletePackageVersion",
        "parameters": [
          {
            "in": "path",
            "name": "organization",
            "description": "The name of the Azure DevOps organization.",
            "required": true,
            "type": "string"
          },
          {
            "in": "path",
            "name": "feed",
            "description": "Name or ID of the feed.",
            "required": true,
            "type": "string"
          },
          {
            "in": "path",
            "name": "groupId",
            "description": "Group ID of the package.",
            "required": true,
            "type": "string"
          },
          {
            "in": "path",
            "name": "artifactId",
            "description": "Artifact ID of the package.",
            "required": true,
            "type": "string"
          },
          {
            "in": "path",
            "name": "version",
            "description": "Version of the package.",
            "required": true,
            "type": "string"
          },
          {
            "in": "path",
            "name": "project",
            "description": "Project ID or project name",
            "required": true,
            "x-ms-required": false,
            "type": "string"
          },
          {
            "$ref": "#/parameters/api-Version-preview.1"
          }
        ],
        "responses": {
          "202": {
            "description": "The package has been successfully marked for deletion."
          }
        },
        "security": [
          {
            "oauth2": [
              "vso.packaging_write"
            ]
          }
        ]
      }
    },
    "/{organization}/{project}/_apis/packaging/feeds/{feed}/maven/RecycleBin/groups/{groupId}/artifacts/{artifactId}/versions/{version}": {
      "delete": {
        "tags": [
          "Maven"
        ],
        "x-ms-docs-override-version": "6.0-preview.1",
        "x-ms-vss-resource": "recycleBinVersions",
        "x-ms-vss-method": "DeletePackageVersionFromRecycleBin",
        "x-ms-preview": true,
        "description": "Permanently delete a package from a feed's recycle bin.\n\nThe project parameter must be supplied if the feed was created in a project.\nIf the feed is not associated with any project, omit the project parameter from the request.",
        "operationId": "Maven_DeletePackageVersionFromRecycleBin",
        "parameters": [
          {
            "in": "path",
            "name": "organization",
            "description": "The name of the Azure DevOps organization.",
            "required": true,
            "type": "string"
          },
          {
            "in": "path",
            "name": "feed",
            "description": "Name or ID of the feed.",
            "required": true,
            "type": "string"
          },
          {
            "in": "path",
            "name": "groupId",
            "description": "Group ID of the package.",
            "required": true,
            "type": "string"
          },
          {
            "in": "path",
            "name": "artifactId",
            "description": "Artifact ID of the package.",
            "required": true,
            "type": "string"
          },
          {
            "in": "path",
            "name": "version",
            "description": "Version of the package.",
            "required": true,
            "type": "string"
          },
          {
            "in": "path",
            "name": "project",
            "description": "Project ID or project name",
            "required": true,
            "x-ms-required": false,
            "type": "string"
          },
          {
            "$ref": "#/parameters/api-Version-preview.1"
          }
        ],
        "responses": {
          "200": {
            "description": "successful operation"
          }
        },
        "security": [
          {
            "oauth2": [
              "vso.packaging_manage"
            ]
          }
        ]
      },
      "get": {
        "tags": [
          "Maven"
        ],
        "x-ms-docs-override-version": "6.0-preview.1",
        "x-ms-vss-resource": "recycleBinVersions",
        "x-ms-vss-method": "GetPackageVersionMetadataFromRecycleBin",
        "x-ms-preview": true,
        "description": "Get information about a package version in the recycle bin.\n\nThe project parameter must be supplied if the feed was created in a project.\nIf the feed is not associated with any project, omit the project parameter from the request.",
        "operationId": "Maven_GetPackageVersionFromRecycleBin",
        "produces": [
          "application/json"
        ],
        "parameters": [
          {
            "in": "path",
            "name": "organization",
            "description": "The name of the Azure DevOps organization.",
            "required": true,
            "type": "string"
          },
          {
            "in": "path",
            "name": "feed",
            "description": "Name or ID of the feed.",
            "required": true,
            "type": "string"
          },
          {
            "in": "path",
            "name": "groupId",
            "description": "Group ID of the package.",
            "required": true,
            "type": "string"
          },
          {
            "in": "path",
            "name": "artifactId",
            "description": "Artifact ID of the package.",
            "required": true,
            "type": "string"
          },
          {
            "in": "path",
            "name": "version",
            "description": "Version of the package.",
            "required": true,
            "type": "string"
          },
          {
            "in": "path",
            "name": "project",
            "description": "Project ID or project name",
            "required": true,
            "x-ms-required": false,
            "type": "string"
          },
          {
            "$ref": "#/parameters/api-Version-preview.1"
          }
        ],
        "responses": {
          "200": {
            "description": "successful operation",
            "schema": {
              "$ref": "#/definitions/MavenPackageVersionDeletionState"
            }
          }
        },
        "security": [
          {
            "oauth2": [
              "vso.packaging"
            ]
          }
        ]
      },
      "patch": {
        "tags": [
          "Maven"
        ],
        "x-ms-docs-override-version": "6.0-preview.1",
        "x-ms-vss-resource": "recycleBinVersions",
        "x-ms-vss-method": "RestorePackageVersionFromRecycleBin",
        "x-ms-preview": true,
        "description": "Restore a package version from the recycle bin to its associated feed.\n\nThe project parameter must be supplied if the feed was created in a project.\nIf the feed is not associated with any project, omit the project parameter from the request.",
        "operationId": "Maven_Restore Package Version From Recycle Bin",
        "consumes": [
          "application/json"
        ],
        "parameters": [
          {
            "in": "path",
            "name": "organization",
            "description": "The name of the Azure DevOps organization.",
            "required": true,
            "type": "string"
          },
          {
            "in": "body",
            "name": "body",
            "description": "Set the 'Deleted' property to false to restore the package.",
            "required": true,
            "schema": {
              "$ref": "#/definitions/MavenRecycleBinPackageVersionDetails"
            }
          },
          {
            "in": "path",
            "name": "feed",
            "description": "Name or ID of the feed.",
            "required": true,
            "type": "string"
          },
          {
            "in": "path",
            "name": "groupId",
            "description": "Group ID of the package.",
            "required": true,
            "type": "string"
          },
          {
            "in": "path",
            "name": "artifactId",
            "description": "Artifact ID of the package.",
            "required": true,
            "type": "string"
          },
          {
            "in": "path",
            "name": "version",
            "description": "Version of the package.",
            "required": true,
            "type": "string"
          },
          {
            "in": "path",
            "name": "project",
            "description": "Project ID or project name",
            "required": true,
            "x-ms-required": false,
            "type": "string"
          },
          {
            "$ref": "#/parameters/api-Version-preview.1"
          }
        ],
        "responses": {
          "200": {
            "description": "successful operation"
          }
        },
        "security": [
          {
            "oauth2": [
              "vso.packaging_manage"
            ]
          }
        ]
      }
    },
    "/{organization}/{project}/_apis/packaging/feeds/{feedId}/maven/{groupId}/{artifactId}/{version}/{fileName}/content": {
      "get": {
        "tags": [
          "Maven"
        ],
        "x-ms-docs-override-version": "6.0-preview.1",
        "x-ms-vss-resource": "content",
        "x-ms-vss-method": "DownloadPackage",
        "x-ms-preview": true,
        "description": "Fulfills Maven package file download requests by either returning the URL of the requested package file or, in the case of Azure DevOps Server (OnPrem), returning the content as a stream.\n\nThe project parameter must be supplied if the feed was created in a project.\nIf the feed is not associated with any project, omit the project parameter from the request.",
        "operationId": "Maven_DownloadPackage",
        "produces": [
          "application/octet-stream"
        ],
        "parameters": [
          {
            "in": "path",
            "name": "organization",
            "description": "The name of the Azure DevOps organization.",
            "required": true,
            "type": "string"
          },
          {
            "in": "path",
            "name": "feedId",
            "description": "Name or ID of the feed.",
            "required": true,
            "type": "string"
          },
          {
            "in": "path",
            "name": "groupId",
            "description": "GroupId of the maven package",
            "required": true,
            "type": "string"
          },
          {
            "in": "path",
            "name": "artifactId",
            "description": "ArtifactId of the maven package",
            "required": true,
            "type": "string"
          },
          {
            "in": "path",
            "name": "version",
            "description": "Version of the package",
            "required": true,
            "type": "string"
          },
          {
            "in": "path",
            "name": "fileName",
            "description": "File name to download",
            "required": true,
            "type": "string"
          },
          {
            "in": "path",
            "name": "project",
            "description": "Project ID or project name",
            "required": true,
            "x-ms-required": false,
            "type": "string"
          },
          {
            "$ref": "#/parameters/api-Version-preview.1"
          }
        ],
        "responses": {
          "200": {
            "description": "successful operation",
            "schema": {
              "type": "string",
              "format": "Stream"
            }
          }
        },
        "security": [
          {
            "oauth2": [
              "vso.packaging"
            ]
          }
        ]
      }
    }
  },
  "definitions": {
    "BatchOperationData": {
      "description": "Do not attempt to use this type to create a new BatchOperationData. This type does not contain sufficient fields to create a new batch operation data.",
      "type": "object",
      "properties": {}
    },
    "MavenDistributionManagement": {
      "description": "",
      "type": "object",
      "properties": {
        "repository": {
          "$ref": "#/definitions/MavenRepository"
        },
        "snapshotRepository": {
          "$ref": "#/definitions/MavenSnapshotRepository"
        }
      }
    },
    "MavenMinimalPackageDetails": {
      "description": "Identifies a particular Maven package version",
      "type": "object",
      "properties": {
        "artifact": {
          "description": "Package artifact ID",
          "type": "string"
        },
        "group": {
          "description": "Package group ID",
          "type": "string"
        },
        "version": {
          "description": "Package version",
          "type": "string"
        }
      }
    },
    "MavenPackage": {
      "description": "",
      "type": "object",
      "properties": {
        "artifactId": {
          "type": "string"
        },
        "artifactIndex": {
          "$ref": "#/definitions/ReferenceLink"
        },
        "artifactMetadata": {
          "$ref": "#/definitions/ReferenceLink"
        },
        "deletedDate": {
          "type": "string",
          "format": "date-time"
        },
        "files": {
          "$ref": "#/definitions/ReferenceLinks"
        },
        "groupId": {
          "type": "string"
        },
        "pom": {
          "$ref": "#/definitions/MavenPomMetadata"
        },
        "requestedFile": {
          "$ref": "#/definitions/ReferenceLink"
        },
        "snapshotMetadata": {
          "$ref": "#/definitions/ReferenceLink"
        },
        "version": {
          "type": "string"
        },
        "versions": {
          "$ref": "#/definitions/ReferenceLinks"
        },
        "versionsIndex": {
          "$ref": "#/definitions/ReferenceLink"
        }
      }
    },
    "MavenPackagesBatchRequest": {
      "description": "A batch of operations to apply to package versions.",
      "type": "object",
      "properties": {
        "data": {
          "description": "Data required to perform the operation. This is optional based on type of operation. Use BatchPromoteData if performing a promote operation.",
          "$ref": "#/definitions/BatchOperationData"
        },
        "operation": {
          "description": "Type of operation that needs to be performed on packages.",
          "enum": [
            "promote",
            "delete",
            "permanentDelete",
            "restoreToFeed"
          ],
          "x-ms-enum": {
            "name": "MavenBatchOperationType",
            "values": [
              {
                "value": "promote",
                "description": "Promote package versions to a release view. If constructing a MavenPackagesBatchRequest object with this type, use BatchPromoteData for its Data property. Not supported in the Recycle Bin."
              },
              {
                "value": "delete",
                "description": "Delete package versions. Not supported in the Recycle Bin."
              },
              {
                "value": "permanentDelete",
                "description": "Permanently delete package versions. Only supported in the Recycle Bin."
              },
              {
                "value": "restoreToFeed",
                "description": "Restore unpublished package versions to the feed. Only supported in the Recycle Bin."
              }
            ]
          }
        },
        "packages": {
          "description": "The packages onto which the operation will be performed.",
          "type": "array",
          "items": {
            "$ref": "#/definitions/MavenMinimalPackageDetails"
          }
        }
      }
    },
    "MavenPackageVersionDeletionState": {
      "description": "Deletion state of a maven package.",
      "type": "object",
      "properties": {
        "artifactId": {
          "description": "Artifact Id of the package.",
          "type": "string"
        },
        "deletedDate": {
          "description": "UTC date the package was deleted.",
          "type": "string",
          "format": "date-time"
        },
        "groupId": {
          "description": "Group Id of the package.",
          "type": "string"
        },
        "version": {
          "description": "Version of the package.",
          "type": "string"
        }
      }
    },
    "MavenPomBuild": {
      "description": "",
      "type": "object",
      "properties": {
        "plugins": {
          "type": "array",
          "items": {
            "$ref": "#/definitions/Plugin"
          }
        }
      }
    },
    "MavenPomCi": {
      "description": "",
      "type": "object",
      "properties": {
        "notifiers": {
          "type": "array",
          "items": {
            "$ref": "#/definitions/MavenPomCiNotifier"
          }
        },
        "system": {
          "type": "string"
        },
        "url": {
          "type": "string"
        }
      }
    },
    "MavenPomCiNotifier": {
      "description": "",
      "type": "object",
      "properties": {
        "configuration": {
          "type": "array",
          "items": {
            "type": "string"
          }
        },
        "sendOnError": {
          "type": "string"
        },
        "sendOnFailure": {
          "type": "string"
        },
        "sendOnSuccess": {
          "type": "string"
        },
        "sendOnWarning": {
          "type": "string"
        },
        "type": {
          "type": "string"
        }
      }
    },
    "MavenPomDependency": {
      "description": "",
      "type": "object",
      "allOf": [
        {
          "$ref": "#/definitions/MavenPomGav"
        }
      ],
      "properties": {
        "optional": {
          "type": "boolean"
        },
        "scope": {
          "type": "string"
        },
        "type": {
          "type": "string"
        }
      }
    },
    "MavenPomDependencyManagement": {
      "description": "",
      "type": "object",
      "properties": {
        "dependencies": {
          "type": "array",
          "items": {
            "$ref": "#/definitions/MavenPomDependency"
          }
        }
      }
    },
    "MavenPomGav": {
      "description": "",
      "type": "object",
      "properties": {
        "artifactId": {
          "type": "string"
        },
        "groupId": {
          "type": "string"
        },
        "version": {
          "type": "string"
        }
      }
    },
    "MavenPomIssueManagement": {
      "description": "",
      "type": "object",
      "properties": {
        "system": {
          "type": "string"
        },
        "url": {
          "type": "string"
        }
      }
    },
    "MavenPomLicense": {
      "description": "",
      "type": "object",
      "allOf": [
        {
          "$ref": "#/definitions/MavenPomOrganization"
        }
      ],
      "properties": {
        "distribution": {
          "type": "string"
        }
      }
    },
    "MavenPomMailingList": {
      "description": "",
      "type": "object",
      "properties": {
        "archive": {
          "type": "string"
        },
        "name": {
          "type": "string"
        },
        "otherArchives": {
          "type": "array",
          "items": {
            "type": "string"
          }
        },
        "post": {
          "type": "string"
        },
        "subscribe": {
          "type": "string"
        },
        "unsubscribe": {
          "type": "string"
        }
      }
    },
    "MavenPomMetadata": {
      "description": "",
      "type": "object",
      "allOf": [
        {
          "$ref": "#/definitions/MavenPomGav"
        }
      ],
      "properties": {
        "build": {
          "$ref": "#/definitions/MavenPomBuild"
        },
        "ciManagement": {
          "$ref": "#/definitions/MavenPomCi"
        },
        "contributors": {
          "type": "array",
          "items": {
            "$ref": "#/definitions/MavenPomPerson"
          }
        },
        "dependencies": {
          "type": "array",
          "items": {
            "$ref": "#/definitions/MavenPomDependency"
          }
        },
        "dependencyManagement": {
          "$ref": "#/definitions/MavenPomDependencyManagement"
        },
        "description": {
          "type": "string"
        },
        "developers": {
          "type": "array",
          "items": {
            "$ref": "#/definitions/MavenPomPerson"
          }
        },
        "distributionManagement": {
          "$ref": "#/definitions/MavenDistributionManagement"
        },
        "inceptionYear": {
          "type": "string"
        },
        "issueManagement": {
          "$ref": "#/definitions/MavenPomIssueManagement"
        },
        "licenses": {
          "type": "array",
          "items": {
            "$ref": "#/definitions/MavenPomLicense"
          }
        },
        "mailingLists": {
          "type": "array",
          "items": {
            "$ref": "#/definitions/MavenPomMailingList"
          }
        },
        "modelVersion": {
          "type": "string"
        },
        "modules": {
          "type": "array",
          "items": {
            "type": "string"
          }
        },
        "name": {
          "type": "string"
        },
        "organization": {
          "$ref": "#/definitions/MavenPomOrganization"
        },
        "packaging": {
          "type": "string"
        },
        "parent": {
          "$ref": "#/definitions/MavenPomParent"
        },
        "prerequisites": {
          "type": "object",
          "additionalProperties": {
            "type": "string"
          }
        },
        "properties": {
          "type": "object",
          "additionalProperties": {
            "type": "string"
          }
        },
        "scm": {
          "$ref": "#/definitions/MavenPomScm"
        },
        "url": {
          "type": "string"
        }
      }
    },
    "MavenPomOrganization": {
      "description": "",
      "type": "object",
      "properties": {
        "name": {
          "type": "string"
        },
        "url": {
          "type": "string"
        }
      }
    },
    "MavenPomParent": {
      "description": "",
      "type": "object",
      "allOf": [
        {
          "$ref": "#/definitions/MavenPomGav"
        }
      ],
      "properties": {
        "relativePath": {
          "type": "string"
        }
      }
    },
    "MavenPomPerson": {
      "description": "",
      "type": "object",
      "properties": {
        "email": {
          "type": "string"
        },
        "id": {
          "type": "string"
        },
        "name": {
          "type": "string"
        },
        "organization": {
          "type": "string"
        },
        "organizationUrl": {
          "type": "string"
        },
        "roles": {
          "type": "array",
          "items": {
            "type": "string"
          }
        },
        "timezone": {
          "type": "string"
        },
        "url": {
          "type": "string"
        }
      }
    },
    "MavenPomScm": {
      "description": "",
      "type": "object",
      "properties": {
        "connection": {
          "type": "string"
        },
        "developerConnection": {
          "type": "string"
        },
        "tag": {
          "type": "string"
        },
        "url": {
          "type": "string"
        }
      }
    },
    "MavenRecycleBinPackageVersionDetails": {
      "description": "",
      "type": "object",
      "properties": {
        "deleted": {
          "description": "Setting to false will undo earlier deletion and restore the package to feed.",
          "type": "boolean"
        }
      }
    },
    "MavenRepository": {
      "description": "",
      "type": "object",
      "properties": {
        "uniqueVersion": {
          "type": "boolean"
        }
      }
    },
    "MavenSnapshotRepository": {
      "description": "",
      "type": "object",
      "allOf": [
        {
          "$ref": "#/definitions/MavenRepository"
        }
      ],
      "properties": {}
    },
    "Package": {
      "description": "Package version metadata for a Maven package",
      "type": "object",
      "properties": {
        "_links": {
          "description": "Related REST links.",
          "$ref": "#/definitions/ReferenceLinks"
        },
        "deletedDate": {
          "description": "If and when the package was deleted.",
          "type": "string",
          "format": "date-time"
        },
        "id": {
          "description": "Package Id.",
          "type": "string"
        },
        "name": {
          "description": "The display name of the package.",
          "type": "string"
        },
        "permanentlyDeletedDate": {
          "description": "If and when the package was permanently deleted.",
          "type": "string",
          "format": "date-time"
        },
        "sourceChain": {
          "description": "The history of upstream sources for this package. The first source in the list is the immediate source from which this package was saved.",
          "type": "array",
          "items": {
            "$ref": "#/definitions/UpstreamSourceInfo"
          }
        },
        "version": {
          "description": "The version of the package.",
          "type": "string"
        }
      }
    },
    "Plugin": {
      "description": "",
      "type": "object",
      "allOf": [
        {
          "$ref": "#/definitions/MavenPomGav"
        }
      ],
      "properties": {
        "configuration": {
          "$ref": "#/definitions/PluginConfiguration"
        }
      }
    },
    "PluginConfiguration": {
      "description": "",
      "type": "object",
      "properties": {
        "goalPrefix": {
          "type": "string"
        }
      }
    },
    "ReferenceLink": {
      "description": "The class to represent a REST reference link.  RFC: http://tools.ietf.org/html/draft-kelly-json-hal-06  The RFC is not fully implemented, additional properties are allowed on the reference link but as of yet we don't have a need for them.",
      "type": "object",
      "properties": {
        "href": {
          "type": "string"
        }
      }
    },
    "ReferenceLinks": {
      "description": "The class to represent a collection of REST reference links.",
      "type": "object",
      "properties": {
        "links": {
          "description": "The readonly view of the links.  Because Reference links are readonly, we only want to expose them as read only.",
          "type": "object",
          "additionalProperties": {
            "type": "object"
          }
        }
      }
    },
    "UpstreamSourceInfo": {
      "description": "Upstream source definition, including its Identity, package type, and other associated information.",
      "type": "object",
      "properties": {
        "displayLocation": {
          "description": "Locator for connecting to the upstream source in a user friendly format, that may potentially change over time",
          "type": "string"
        },
        "id": {
          "description": "Identity of the upstream source.",
          "type": "string",
          "format": "uuid"
        },
        "location": {
          "description": "Locator for connecting to the upstream source",
          "type": "string"
        },
        "name": {
          "description": "Display name.",
          "type": "string"
        },
        "sourceType": {
          "description": "Source type, such as Public or Internal.",
          "enum": [
            "public",
            "internal"
          ],
          "x-ms-enum": {
            "name": "PackagingSourceType",
            "values": [
              {
                "value": "public",
                "description": "Publicly available source."
              },
              {
                "value": "internal",
                "description": "Azure DevOps upstream source."
              }
            ]
          }
        }
      }
    }
  },
  "parameters": {
    "api-Version-preview.1": {
      "name": "api-version",
      "in": "query",
      "description": "Version of the API to use.  This should be set to '6.0-preview.1' to use this version of the api.",
      "required": true,
      "type": "string"
    }
  },
  "securityDefinitions": {
    "accessToken": {
      "type": "basic",
      "description": "Personal access token. Use any value for the user name and the token as the password."
    },
    "oauth2": {
      "type": "oauth2",
      "flow": "accessCode",
      "authorizationUrl": "https://app.vssps.visualstudio.com/oauth2/authorize&response_type=Assertion",
      "tokenUrl": "https://app.vssps.visualstudio.com/oauth2/token?client_assertion_type=urn:ietf:params:oauth:client-assertion-type:jwt-bearer&grant_type=urn:ietf:params:oauth:grant-type:jwt-bearer",
      "scopes": {
        "vso.packaging_write": "Grants the ability to create and read feeds and packages.",
        "vso.packaging": "Grants the ability to read feeds and packages. Also grants the ability to search packages.",
        "vso.packaging_manage": "Grants the ability to create, read, update, and delete feeds and packages."
      }
    }
  },
  "security": [
    {
      "accessToken": []
    }
  ],
  "externalDocs": {
    "description": "Azure DevOps REST APIs",
    "url": "https://aka.ms/azure-devops-rest-apis"
  }
}