{
  "parameters": {
    "project": "94e82dfb-8ce4-430c-aa97-07ee10c83d5f",
    "organization": "fabrikam"
  },
  "responses": {
    "200": {
      "body": {
        "count": 8,
        "value": [
          {
            "name": "System.CurrentProcessTemplateId",
            "value": "2dc3221a-2d39-4138-a4e1-fc4d20d8912d"
          },
          {
            "name": "System.OriginalProcessTemplateId",
            "value": "2dc3221a-2d39-4138-a4e1-fc4d20d8912d"
          },
          {
            "name": "System.ProcessTemplateType",
            "value": "adcc42ab-9882-485e-a3ed-7678f01f66bc"
          },
          {
            "name": "System.Process Template",
            "value": "Agile"
          },
          {
            "name": "System.Microsoft.TeamFoundation.Team.Default",
            "value": "9b7ae5b9-826f-4353-99d6-daaa5cd94ec6"
          },
          {
            "name": "System.SourceControlCapabilityFlags",
            "value": "2"
          },
          {
            "name": "System.SourceControlGitEnabled",
            "value": "True"
          },
          {
            "name": "System.SourceControlGitPermissionsInitialized",
            "value": "True"
          }
        ]
      }
    }
  },
  "x-ms-vss-migrated": true,
  "x-ms-vss-request-url": "https://dev.azure.com/fabrikam/_apis/projects/94e82dfb-8ce4-430c-aa97-07ee10c83d5f/properties?api-version=4.0-preview",
  "x-ms-vss-format": 2
}