﻿{
  "swagger": "2.0",
  "info": {
    "title": "Reporting",
    "description": "",
    "termsOfService": "https://go.microsoft.com/fwlink/?LinkId=329770",
    "contact": {
      "name": "nugetvss",
      "email": "nugetvss@microsoft.com"
    },
    "license": {
      "name": "MICROSOFT SOFTWARE LICENSE TERMS",
      "url": "https://go.microsoft.com/fwlink/?LinkId=329770"
    },
    "version": "7.2-preview"
  },
  "host": "advsec.dev.azure.com",
  "x-ms-vss-area": "Reporting",
  "basePath": "/",
  "tags": [],
  "schemes": [
    "https"
  ],
  "paths": {},
  "definitions": {
    "AlertSummaryBySeverity": {
      "description": "Alert Summary by severity.",
      "type": "object",
      "properties": {
        "critical": {
          "description": "Total Critical severity alerts.",
          "type": "integer",
          "format": "int32"
        },
        "high": {
          "description": "Total High severity alerts.",
          "type": "integer",
          "format": "int32"
        },
        "low": {
          "description": "Total low severity alerts.",
          "type": "integer",
          "format": "int32"
        },
        "medium": {
          "description": "Total Medium severity alerts.",
          "type": "integer",
          "format": "int32"
        }
      }
    },
    "OrgAlertSummary": {
      "description": "Org Alert Summary.",
      "type": "object",
      "properties": {
        "orgId": {
          "description": "Org Id.",
          "type": "string",
          "format": "uuid"
        },
        "projects": {
          "description": "A list of Project summary data.",
          "type": "array",
          "items": {
            "$ref": "#/definitions/ProjectAlertSummary"
          }
        }
      }
    },
    "OrgEnablementSummary": {
      "description": "Org Enablement Summary.",
      "type": "object",
      "properties": {
        "orgId": {
          "description": "Org Id.",
          "type": "string",
          "format": "uuid"
        },
        "projects": {
          "description": "A list of Project Enablement data.",
          "type": "array",
          "items": {
            "$ref": "#/definitions/ProjectEnablementSummary"
          }
        }
      }
    },
    "ProjectAlertSummary": {
      "description": "Project Alert Summary.",
      "type": "object",
      "properties": {
        "projectId": {
          "description": "Project Id.",
          "type": "string",
          "format": "uuid"
        },
        "projectName": {
          "description": "Project Name.",
          "type": "string"
        },
        "repos": {
          "description": "A list of RepoAlertSummary data.",
          "type": "array",
          "items": {
            "$ref": "#/definitions/RepoAlertSummary"
          }
        }
      }
    },
    "ProjectEnablementSummary": {
      "description": "Project Enablement Summary.",
      "type": "object",
      "properties": {
        "projectId": {
          "description": "Project Id.",
          "type": "string",
          "format": "uuid"
        },
        "projectName": {
          "description": "Project Name.",
          "type": "string"
        },
        "repos": {
          "description": "A list of RepoEnablementSummary data.",
          "type": "array",
          "items": {
            "$ref": "#/definitions/RepoEnablementSummary"
          }
        }
      }
    },
    "RepoAlertSummary": {
      "description": "Repo Alert Summary.",
      "type": "object",
      "properties": {
        "alertsBySeverity": {
          "description": "Total alerts by severity.",
          "$ref": "#/definitions/AlertSummaryBySeverity"
        },
        "repoId": {
          "description": "RepoId.",
          "type": "string",
          "format": "uuid"
        },
        "repoName": {
          "description": "Repo Name.",
          "type": "string"
        },
        "totalAlerts": {
          "description": "Total active alerts in the repo.",
          "type": "integer",
          "format": "int32"
        }
      }
    },
    "RepoEnablementSummary": {
      "description": "Repo Enablement Summary.",
      "type": "object",
      "properties": {
        "advSecIsEnabled": {
          "description": "AdvSec is enabled for the repo.",
          "type": "boolean"
        },
        "repoId": {
          "description": "RepoId.",
          "type": "string",
          "format": "uuid"
        },
        "repoName": {
          "description": "Repo Name.",
          "type": "string"
        }
      }
    }
  },
  "parameters": {
    "api-Version-preview.1": {
      "name": "api-version",
      "in": "query",
      "description": "Version of the API to use.  This should be set to '7.2-preview.1' to use this version of the api.",
      "required": true,
      "type": "string"
    }
  },
  "securityDefinitions": {
    "accessToken": {
      "type": "basic",
      "description": "Personal access token. Use any value for the user name and the token as the password."
    }
  },
  "security": [
    {
      "accessToken": []
    }
  ],
  "externalDocs": {
    "description": "Azure DevOps REST APIs",
    "url": "https://aka.ms/azure-devops-rest-apis"
  }
}