{
  "x-ms-vss-request-method": "GET",
  "x-ms-vss-request-url": "https://fabrikam:8080/RM/_apis/pipelines/approvals?approvalIds=ee14f612-6838-43c0-b445-db238ef14153%2C06239b11-a904-43a1-be6a-0d44026bd121",
  "parameters": {
    "approvalIds": "ee14f612-6838-43c0-b445-db238ef14153,06239b11-a904-43a1-be6a-0d44026bd121",
    "api-version": "6.1-preview.1",
    "account": "fabrikam"
  },
  "responses": {
    "200": {
      "headers": {
        "request-Context": "appId=cid-v1:a892bfef-0287-4640-9f5e-cffc90fbcf94",
        "access-Control-Expose-Headers": "Request-Context"
      },
      "body": {
        "count": 2,
        "value": [
          {
            "id": "ee14f612-6838-43c0-b445-db238ef14153",
            "steps": [],
            "status": "pending",
            "createdOn": "2020-11-19T08:14:49.58Z",
            "lastModifiedOn": "2020-11-19T08:14:49.5793622Z",
            "executionOrder": "anyOrder",
            "minRequiredApprovers": 1,
            "blockedApprovers": [],
            "_links": {
              "self": {
                "href": "https://fabrikam:8080/d6b3e0ea-8197-4dec-831b-50e2e06ff95f/_apis/pipelines/approvals/ee14f612-6838-43c0-b445-db238ef14153"
              }
            }
          },
          {
            "id": "06239b11-a904-43a1-be6a-0d44026bd121",
            "steps": [],
            "status": "pending",
            "createdOn": "2020-11-19T09:39:35.28Z",
            "lastModifiedOn": "2020-11-19T09:39:35.2806001Z",
            "executionOrder": "anyOrder",
            "minRequiredApprovers": 1,
            "blockedApprovers": [],
            "_links": {
              "self": {
                "href": "https://fabrikam:8080/d6b3e0ea-8197-4dec-831b-50e2e06ff95f/_apis/pipelines/approvals/06239b11-a904-43a1-be6a-0d44026bd121"
              }
            }
          }
        ]
      }
    }
  },
  "x-ms-vss-generated": true,
  "x-ms-vss-generated-date": "2020-11-19T15:27:54.1508258+05:30",
  "x-ms-vss-format": 1,
  "x-ms-vss-area": "approval",
  "x-ms-vss-resource": "approvals"
}
