{
  "x-ms-vss-request-method": "GET",
  "x-ms-vss-request-url": "https://fabrikam:8080/RM/_apis/pipelines/approvals/ee14f612-6838-43c0-b445-db238ef14153",
  "parameters": {
    "api-version": "6.1-preview.1",
    "account": "fabrikam"
  },
  "responses": {
    "200": {
      "headers": {
        "request-Context": "appId=cid-v1:a892bfef-0287-4640-9f5e-cffc90fbcf94",
        "access-Control-Expose-Headers": "Request-Context"
      },
      "body": {
        "id": "ee14f612-6838-43c0-b445-db238ef14153",
        "steps": [],
        "status": "pending",
        "createdOn": "2020-11-19T08:14:49.58Z",
        "lastModifiedOn": "2020-11-19T08:14:49.5793622Z",
        "executionOrder": "anyOrder",
        "minRequiredApprovers": 1,
        "blockedApprovers": [],
        "_links": {
          "self": {
            "href": "https://fabrikam:8080/d6b3e0ea-8197-4dec-831b-50e2e06ff95f/_apis/pipelines/approvals/ee14f612-6838-43c0-b445-db238ef14153"
          }
        }
      }
    }
  },
  "x-ms-vss-generated": true,
  "x-ms-vss-generated-date": "2020-11-19T15:27:54.0238274+05:30",
  "x-ms-vss-format": 1,
  "x-ms-vss-area": "approval",
  "x-ms-vss-resource": "approvals"
}
