﻿{
  "swagger": "2.0",
  "info": {
    "title": "Audit",
    "description": "",
    "termsOfService": "https://go.microsoft.com/fwlink/?LinkId=329770",
    "contact": {
      "name": "nugetvss",
      "email": "nugetvss@microsoft.com"
    },
    "license": {
      "name": "MICROSOFT SOFTWARE LICENSE TERMS",
      "url": "https://go.microsoft.com/fwlink/?LinkId=329770"
    },
    "version": "5.1-preview"
  },
  "host": "auditservice.dev.azure.com",
  "x-ms-vss-area": "Audit",
  "x-ms-vss-resource-area-id": "94ff054d-5ee1-413d-9341-3f4a7827de2e",
  "basePath": "/",
  "tags": [
    {
      "name": "Audit Log"
    },
    {
      "name": "Download Log"
    }
  ],
  "schemes": [
    "https"
  ],
  "paths": {
    "/{organization}/_apis/audit/auditlog": {
      "get": {
        "tags": [
          "Audit Log"
        ],
        "x-ms-docs-override-version": "5.1-preview.1",
        "x-ms-vss-resource": "auditLog",
        "x-ms-vss-method": "QueryLog",
        "x-ms-preview": true,
        "description": "Queries audit log entries",
        "operationId": "Audit Log_Query",
        "produces": [
          "application/json"
        ],
        "parameters": [
          {
            "in": "path",
            "name": "organization",
            "description": "The name of the Azure DevOps organization.",
            "required": true,
            "x-ms-required": false,
            "type": "string"
          },
          {
            "in": "query",
            "name": "startTime",
            "description": "Start time of download window. Optional",
            "required": false,
            "type": "string",
            "format": "date-time"
          },
          {
            "in": "query",
            "name": "endTime",
            "description": "End time of download window. Optional",
            "required": false,
            "type": "string",
            "format": "date-time"
          },
          {
            "in": "query",
            "name": "batchSize",
            "description": "Max number of results to return. Optional",
            "required": false,
            "type": "integer",
            "format": "int32"
          },
          {
            "in": "query",
            "name": "continuationToken",
            "description": "Token used for returning next set of results from previous query. Optional",
            "required": false,
            "type": "string"
          },
          {
            "in": "query",
            "name": "skipAggregation",
            "description": "Skips aggregating events and leaves them as individual entries instead. By default events are aggregated. Event types that are aggregated: AuditLog.AccessLog.",
            "required": false,
            "type": "boolean"
          },
          {
            "$ref": "#/parameters/api-Version-preview.1"
          }
        ],
        "responses": {
          "200": {
            "description": "successful operation",
            "schema": {
              "$ref": "#/definitions/AuditLogQueryResult"
            }
          }
        },
        "x-ms-examples": {
          "By date": {
            "$ref": "./httpExamples/auditLog/GET__AuditLog_QueryLog_by_date.json"
          }
        }
      }
    },
    "/{organization}/_apis/audit/downloadlog": {
      "get": {
        "tags": [
          "Download Log"
        ],
        "x-ms-docs-override-version": "5.1-preview.1",
        "x-ms-vss-resource": "downloadLog",
        "x-ms-vss-method": "DownloadLog",
        "x-ms-preview": true,
        "description": "Downloads audit log entries.",
        "operationId": "Download Log_Download Log",
        "produces": [
          "application/octet-stream"
        ],
        "parameters": [
          {
            "in": "path",
            "name": "organization",
            "description": "The name of the Azure DevOps organization.",
            "required": true,
            "type": "string"
          },
          {
            "in": "query",
            "name": "format",
            "description": "File format for download. Can be \"json\" or \"csv\".",
            "required": true,
            "type": "string"
          },
          {
            "in": "query",
            "name": "startTime",
            "description": "Start time of download window. Optional",
            "required": false,
            "type": "string",
            "format": "date-time"
          },
          {
            "in": "query",
            "name": "endTime",
            "description": "End time of download window. Optional",
            "required": false,
            "type": "string",
            "format": "date-time"
          },
          {
            "$ref": "#/parameters/api-Version-preview.1"
          }
        ],
        "responses": {
          "200": {
            "description": "successful operation",
            "schema": {
              "type": "string",
              "format": "Stream"
            }
          }
        },
        "x-ms-examples": {
          "Download log as JSON": {
            "$ref": "./httpExamples/downloadLog/GET__AuditLog_DownloadLog_json.json"
          }
        }
      }
    }
  },
  "definitions": {
    "AuditLogEntry": {
      "description": "",
      "type": "object",
      "properties": {
        "actionId": {
          "description": "The action if for the event, i.e Git.CreateRepo, Project.RenameProject",
          "type": "string"
        },
        "activityId": {
          "description": "ActivityId",
          "type": "string",
          "format": "uuid"
        },
        "actorCUID": {
          "description": "The Actor's CUID",
          "type": "string",
          "format": "uuid"
        },
        "actorUserId": {
          "description": "The Actor's User Id",
          "type": "string",
          "format": "uuid"
        },
        "authenticationMechanism": {
          "description": "Type of authentication used by the author",
          "type": "string"
        },
        "correlationId": {
          "description": "This allows us to group things together, like one user action that caused a cascade of event entries (project creation).",
          "type": "string",
          "format": "uuid"
        },
        "data": {
          "description": "External data such as CUIDs, item names, etc.",
          "type": "object",
          "additionalProperties": {
            "type": "object"
          }
        },
        "id": {
          "description": "EventId, should be unique",
          "type": "string",
          "format": "uuid"
        },
        "ipAddress": {
          "description": "IP Address where the event was originated",
          "type": "string"
        },
        "scopeId": {
          "description": "The org, collection or project Id",
          "type": "string",
          "format": "uuid"
        },
        "scopeType": {
          "description": "The type of the scope, Enterprise, Organization or Project",
          "enum": [
            "unknown",
            "deployment",
            "enterprise",
            "organization",
            "project"
          ],
          "x-ms-enum": {
            "name": "AuditScopeType",
            "values": [
              {
                "value": "unknown",
                "description": "The scope is not known or has not been set"
              },
              {
                "value": "deployment",
                "description": "Deployment"
              },
              {
                "value": "enterprise",
                "description": "Enterprise"
              },
              {
                "value": "organization",
                "description": "Organization"
              },
              {
                "value": "project",
                "description": "Project"
              }
            ]
          }
        },
        "timestamp": {
          "description": "The time when the event occurred in UTC",
          "type": "string",
          "format": "date-time"
        },
        "userAgent": {
          "description": "The user agent from the request",
          "type": "string"
        }
      }
    },
    "AuditLogQueryResult": {
      "description": "The object returned when the audit log is queried. It contains the log and the information needed to query more audit entries.",
      "type": "object",
      "properties": {
        "continuationToken": {
          "description": "The continuation token to pass to get the next set of results",
          "type": "string"
        },
        "decoratedAuditLogEntries": {
          "description": "The list of audit log entries",
          "type": "array",
          "items": {
            "$ref": "#/definitions/DecoratedAuditLogEntry"
          }
        },
        "hasMore": {
          "description": "True when there are more matching results to be fetched, false otherwise.",
          "type": "boolean"
        }
      }
    },
    "DecoratedAuditLogEntry": {
      "description": "",
      "type": "object",
      "properties": {
        "actionId": {
          "description": "The action if for the event, i.e Git.CreateRepo, Project.RenameProject",
          "type": "string"
        },
        "activityId": {
          "description": "ActivityId",
          "type": "string",
          "format": "uuid"
        },
        "actorCUID": {
          "description": "The Actor's CUID",
          "type": "string",
          "format": "uuid"
        },
        "actorDisplayName": {
          "description": "DisplayName of the user who initiated the action",
          "type": "string"
        },
        "actorImageUrl": {
          "description": "URL of Actor's Profile image",
          "type": "string"
        },
        "actorUserId": {
          "description": "The Actor's User Id",
          "type": "string",
          "format": "uuid"
        },
        "area": {
          "description": "Area of Azure DevOps the action occurred",
          "type": "string"
        },
        "authenticationMechanism": {
          "description": "Type of authentication used by the actor",
          "type": "string"
        },
        "category": {
          "description": "Type of action executed",
          "enum": [
            "unknown",
            "modify",
            "remove",
            "create",
            "access"
          ],
          "x-ms-enum": {
            "name": "AuditActionCategory",
            "values": [
              {
                "value": "unknown",
                "description": "The category is not known"
              },
              {
                "value": "modify",
                "description": "An artifact has been Modified"
              },
              {
                "value": "remove",
                "description": "An artifact has been Removed"
              },
              {
                "value": "create",
                "description": "An artifact has been Created"
              },
              {
                "value": "access",
                "description": "An artifact has been Accessed"
              }
            ]
          }
        },
        "categoryDisplayName": {
          "description": "DisplayName of the category",
          "type": "string"
        },
        "correlationId": {
          "description": "This allows related audit entries to be grouped together. Generally this occurs when a single action causes a cascade of audit entries. For example, project creation.",
          "type": "string",
          "format": "uuid"
        },
        "data": {
          "description": "External data such as CUIDs, item names, etc.",
          "type": "object",
          "additionalProperties": {
            "type": "object"
          }
        },
        "details": {
          "description": "Decorated details",
          "type": "string"
        },
        "id": {
          "description": "EventId - Needs to be unique per service",
          "type": "string"
        },
        "ipAddress": {
          "description": "IP Address where the event was originated",
          "type": "string"
        },
        "scopeDisplayName": {
          "description": "DisplayName of the scope",
          "type": "string"
        },
        "scopeId": {
          "description": "The organization or project Id",
          "type": "string",
          "format": "uuid"
        },
        "scopeType": {
          "description": "The type of the scope, Organization or Project",
          "enum": [
            "unknown",
            "deployment",
            "enterprise",
            "organization",
            "project"
          ],
          "x-ms-enum": {
            "name": "AuditScopeType",
            "values": [
              {
                "value": "unknown",
                "description": "The scope is not known or has not been set"
              },
              {
                "value": "deployment",
                "description": "Deployment"
              },
              {
                "value": "enterprise",
                "description": "Enterprise"
              },
              {
                "value": "organization",
                "description": "Organization"
              },
              {
                "value": "project",
                "description": "Project"
              }
            ]
          }
        },
        "timestamp": {
          "description": "The time when the event occurred in UTC",
          "type": "string",
          "format": "date-time"
        },
        "userAgent": {
          "description": "The user agent from the request",
          "type": "string"
        }
      }
    }
  },
  "parameters": {
    "api-Version-preview.1": {
      "name": "api-version",
      "in": "query",
      "description": "Version of the API to use.  This should be set to '5.1-preview.1' to use this version of the api.",
      "required": true,
      "type": "string"
    }
  },
  "securityDefinitions": {
    "accessToken": {
      "type": "basic",
      "description": "Personal access token. Use any value for the user name and the token as the password."
    }
  },
  "security": [
    {
      "accessToken": []
    }
  ],
  "externalDocs": {
    "description": "Azure DevOps REST APIs",
    "url": "https://aka.ms/azure-devops-rest-apis"
  }
}