{
  "swagger": "2.0",
  "info": {
    "title": "Npm",
    "description": "",
    "termsOfService": "https://go.microsoft.com/fwlink/?LinkId=329770",
    "contact": {
      "name": "nugetvss",
      "email": "nugetvss@microsoft.com"
    },
    "license": {
      "name": "MICROSOFT SOFTWARE LICENSE TERMS",
      "url": "https://go.microsoft.com/fwlink/?LinkId=329770"
    },
    "version": "7.0"
  },
  "host": "https://fabrikam-fiber-inc:8080/DefaultCollection",
  "x-ms-vss-area": "Npm",
  "x-ms-vss-resource-area-id": "4c83cfc1-f33a-477e-a789-29d38ffca52e",
  "basePath": "/",
  "tags": [
    {
      "name": "Npm"
    }
  ],
  "schemes": [
    "https"
  ],
  "paths": {
    "/{collection}/{project}/_apis/packaging/feeds/{feedId}/npm/@{packageScope}/{unscopedPackageName}/versions/{packageVersion}": {
      "get": {
        "tags": [
          "Npm"
        ],
        "x-ms-docs-override-version": "7.0",
        "x-ms-vss-resource": "versions",
        "x-ms-vss-method": "GetScopedPackageInfoAsync",
        "description": "Get information about a scoped package version (such as @scope/name).\n\nThe project parameter must be supplied if the feed was created in a project.\nIf the feed is not associated with any project, omit the project parameter from the request.",
        "operationId": "Npm_GetScopedPackageVersion",
        "produces": [
          "application/json"
        ],
        "parameters": [
          {
            "in": "path",
            "name": "collection",
            "description": "The name of the Azure DevOps collection.",
            "required": true,
            "type": "string"
          },
          {
            "in": "path",
            "name": "feedId",
            "description": "Name or ID of the feed.",
            "required": true,
            "type": "string"
          },
          {
            "in": "path",
            "name": "packageScope",
            "description": "Scope of the package (the 'scope' part of @scope/name).",
            "required": true,
            "type": "string"
          },
          {
            "in": "path",
            "name": "unscopedPackageName",
            "description": "Name of the package (the 'name' part of @scope/name).",
            "required": true,
            "type": "string"
          },
          {
            "in": "path",
            "name": "packageVersion",
            "description": "Version of the package.",
            "required": true,
            "type": "string"
          },
          {
            "in": "path",
            "name": "project",
            "description": "Project ID or project name",
            "required": true,
            "x-ms-required": false,
            "type": "string"
          },
          {
            "$ref": "#/parameters/api-Version"
          }
        ],
        "responses": {
          "200": {
            "description": "successful operation",
            "schema": {
              "$ref": "#/definitions/Package"
            }
          }
        },
        "security": [
          {
            "oauth2": [
              "vso.packaging"
            ]
          }
        ]
      },
      "delete": {
        "tags": [
          "Npm"
        ],
        "x-ms-docs-override-version": "7.0",
        "x-ms-vss-resource": "versions",
        "x-ms-vss-method": "UnpublishScopedPackageAsync",
        "description": "Unpublish a scoped package version (such as @scope/name).\n\nThe project parameter must be supplied if the feed was created in a project.\nIf the feed is not associated with any project, omit the project parameter from the request.",
        "operationId": "Npm_Unpublish Scoped Package",
        "produces": [
          "application/json"
        ],
        "parameters": [
          {
            "in": "path",
            "name": "collection",
            "description": "The name of the Azure DevOps collection.",
            "required": true,
            "type": "string"
          },
          {
            "in": "path",
            "name": "feedId",
            "description": "Name or ID of the feed.",
            "required": true,
            "type": "string"
          },
          {
            "in": "path",
            "name": "packageScope",
            "description": "Scope of the package (the 'scope' part of @scope/name).",
            "required": true,
            "type": "string"
          },
          {
            "in": "path",
            "name": "unscopedPackageName",
            "description": "Name of the package (the 'name' part of @scope/name).",
            "required": true,
            "type": "string"
          },
          {
            "in": "path",
            "name": "packageVersion",
            "description": "Version of the package.",
            "required": true,
            "type": "string"
          },
          {
            "in": "path",
            "name": "project",
            "description": "Project ID or project name",
            "required": true,
            "x-ms-required": false,
            "type": "string"
          },
          {
            "$ref": "#/parameters/api-Version"
          }
        ],
        "responses": {
          "200": {
            "description": "successful operation",
            "schema": {
              "$ref": "#/definitions/Package"
            }
          }
        },
        "security": [
          {
            "oauth2": [
              "vso.packaging_manage"
            ]
          }
        ]
      },
      "patch": {
        "tags": [
          "Npm"
        ],
        "x-ms-docs-override-version": "7.0",
        "x-ms-vss-resource": "versions",
        "x-ms-vss-method": "UpdateScopedPackageAsync",
        "description": "",
        "operationId": "Npm_Update Scoped Package",
        "consumes": [
          "application/json"
        ],
        "produces": [
          "application/json"
        ],
        "parameters": [
          {
            "in": "path",
            "name": "collection",
            "description": "The name of the Azure DevOps collection.",
            "required": true,
            "type": "string"
          },
          {
            "in": "body",
            "name": "body",
            "description": "",
            "required": true,
            "schema": {
              "$ref": "#/definitions/PackageVersionDetails"
            }
          },
          {
            "in": "path",
            "name": "feedId",
            "description": "",
            "required": true,
            "type": "string"
          },
          {
            "in": "path",
            "name": "packageScope",
            "description": "",
            "required": true,
            "type": "string"
          },
          {
            "in": "path",
            "name": "unscopedPackageName",
            "description": "",
            "required": true,
            "type": "string"
          },
          {
            "in": "path",
            "name": "packageVersion",
            "description": "",
            "required": true,
            "type": "string"
          },
          {
            "in": "path",
            "name": "project",
            "description": "Project ID or project name",
            "required": true,
            "x-ms-required": false,
            "type": "string"
          },
          {
            "$ref": "#/parameters/api-Version"
          }
        ],
        "responses": {
          "200": {
            "description": "successful operation",
            "schema": {
              "$ref": "#/definitions/Package"
            }
          }
        },
        "security": [
          {
            "oauth2": [
              "vso.packaging_manage"
            ]
          }
        ]
      }
    },
    "/{collection}/{project}/_apis/packaging/feeds/{feedId}/npm/{packageName}/versions/{packageVersion}": {
      "get": {
        "tags": [
          "Npm"
        ],
        "x-ms-docs-override-version": "7.0",
        "x-ms-vss-resource": "versions",
        "x-ms-vss-method": "GetPackageInfoAsync",
        "description": "Get information about an unscoped package version.\n\nThe project parameter must be supplied if the feed was created in a project.\nIf the feed is not associated with any project, omit the project parameter from the request.",
        "operationId": "Npm_GetPackageVersion",
        "produces": [
          "application/json"
        ],
        "parameters": [
          {
            "in": "path",
            "name": "collection",
            "description": "The name of the Azure DevOps collection.",
            "required": true,
            "type": "string"
          },
          {
            "in": "path",
            "name": "feedId",
            "description": "Name or ID of the feed.",
            "required": true,
            "type": "string"
          },
          {
            "in": "path",
            "name": "packageName",
            "description": "Name of the package.",
            "required": true,
            "type": "string"
          },
          {
            "in": "path",
            "name": "packageVersion",
            "description": "Version of the package.",
            "required": true,
            "type": "string"
          },
          {
            "in": "path",
            "name": "project",
            "description": "Project ID or project name",
            "required": true,
            "x-ms-required": false,
            "type": "string"
          },
          {
            "$ref": "#/parameters/api-Version"
          }
        ],
        "responses": {
          "200": {
            "description": "successful operation",
            "schema": {
              "$ref": "#/definitions/Package"
            }
          }
        },
        "security": [
          {
            "oauth2": [
              "vso.packaging"
            ]
          }
        ]
      },
      "delete": {
        "tags": [
          "Npm"
        ],
        "x-ms-docs-override-version": "7.0",
        "x-ms-vss-resource": "versions",
        "x-ms-vss-method": "UnpublishPackageAsync",
        "description": "Unpublish an unscoped package version.\n\nThe project parameter must be supplied if the feed was created in a project.\nIf the feed is not associated with any project, omit the project parameter from the request.",
        "operationId": "Npm_Unpublish Package",
        "produces": [
          "application/json"
        ],
        "parameters": [
          {
            "in": "path",
            "name": "collection",
            "description": "The name of the Azure DevOps collection.",
            "required": true,
            "type": "string"
          },
          {
            "in": "path",
            "name": "feedId",
            "description": "Name or ID of the feed.",
            "required": true,
            "type": "string"
          },
          {
            "in": "path",
            "name": "packageName",
            "description": "Name of the package.",
            "required": true,
            "type": "string"
          },
          {
            "in": "path",
            "name": "packageVersion",
            "description": "Version of the package.",
            "required": true,
            "type": "string"
          },
          {
            "in": "path",
            "name": "project",
            "description": "Project ID or project name",
            "required": true,
            "x-ms-required": false,
            "type": "string"
          },
          {
            "$ref": "#/parameters/api-Version"
          }
        ],
        "responses": {
          "200": {
            "description": "successful operation",
            "schema": {
              "$ref": "#/definitions/Package"
            }
          }
        },
        "security": [
          {
            "oauth2": [
              "vso.packaging_manage"
            ]
          }
        ]
      },
      "patch": {
        "tags": [
          "Npm"
        ],
        "x-ms-docs-override-version": "7.0",
        "x-ms-vss-resource": "versions",
        "x-ms-vss-method": "UpdatePackageAsync",
        "description": "",
        "operationId": "Npm_Update Package",
        "consumes": [
          "application/json"
        ],
        "produces": [
          "application/json"
        ],
        "parameters": [
          {
            "in": "path",
            "name": "collection",
            "description": "The name of the Azure DevOps collection.",
            "required": true,
            "type": "string"
          },
          {
            "in": "body",
            "name": "body",
            "description": "",
            "required": true,
            "schema": {
              "$ref": "#/definitions/PackageVersionDetails"
            }
          },
          {
            "in": "path",
            "name": "feedId",
            "description": "",
            "required": true,
            "type": "string"
          },
          {
            "in": "path",
            "name": "packageName",
            "description": "",
            "required": true,
            "type": "string"
          },
          {
            "in": "path",
            "name": "packageVersion",
            "description": "",
            "required": true,
            "type": "string"
          },
          {
            "in": "path",
            "name": "project",
            "description": "Project ID or project name",
            "required": true,
            "x-ms-required": false,
            "type": "string"
          },
          {
            "$ref": "#/parameters/api-Version"
          }
        ],
        "responses": {
          "200": {
            "description": "successful operation",
            "schema": {
              "$ref": "#/definitions/Package"
            }
          }
        },
        "security": [
          {
            "oauth2": [
              "vso.packaging_manage"
            ]
          }
        ]
      }
    },
    "/{collection}/{project}/_apis/packaging/feeds/{feedId}/npm/packages/@{packageScope}/{unscopedPackageName}/upstreaming": {
      "get": {
        "tags": [
          "Npm"
        ],
        "x-ms-docs-override-version": "7.0",
        "x-ms-vss-resource": "upstreaming",
        "x-ms-vss-method": "GetScopedUpstreamingBehavior",
        "description": "Get the upstreaming behavior of the (scoped) package within the context of a feed",
        "operationId": "Npm_GetPackageUpstreamingBehavior",
        "produces": [
          "application/json"
        ],
        "parameters": [
          {
            "in": "path",
            "name": "collection",
            "description": "The name of the Azure DevOps collection.",
            "required": true,
            "type": "string"
          },
          {
            "in": "path",
            "name": "feedId",
            "description": "The name or id of the feed",
            "required": true,
            "type": "string"
          },
          {
            "in": "path",
            "name": "packageScope",
            "description": "The scope of the package",
            "required": true,
            "type": "string"
          },
          {
            "in": "path",
            "name": "unscopedPackageName",
            "description": "The name of the scoped package",
            "required": true,
            "type": "string"
          },
          {
            "in": "path",
            "name": "project",
            "description": "Project ID or project name",
            "required": true,
            "x-ms-required": false,
            "type": "string"
          },
          {
            "$ref": "#/parameters/api-Version"
          }
        ],
        "responses": {
          "200": {
            "description": "successful operation",
            "schema": {
              "$ref": "#/definitions/UpstreamingBehavior"
            }
          }
        },
        "security": [
          {
            "oauth2": [
              "vso.packaging"
            ]
          }
        ]
      },
      "patch": {
        "tags": [
          "Npm"
        ],
        "x-ms-docs-override-version": "7.0",
        "x-ms-vss-resource": "upstreaming",
        "x-ms-vss-method": "SetScopedUpstreamingBehavior",
        "description": "Set the upstreaming behavior of a (scoped) package within the context of a feed\n\nThe package does not need to necessarily exist in the feed prior to setting the behavior.\nThis assists with packages that are not yet ingested from an upstream, yet the feed owner wants\nto apply a specific behavior on the first ingestion.",
        "operationId": "Npm_Set Scoped Upstreaming Behavior",
        "consumes": [
          "application/json"
        ],
        "parameters": [
          {
            "in": "path",
            "name": "collection",
            "description": "The name of the Azure DevOps collection.",
            "required": true,
            "type": "string"
          },
          {
            "in": "path",
            "name": "feedId",
            "description": "The name or id of the feed",
            "required": true,
            "type": "string"
          },
          {
            "in": "path",
            "name": "packageScope",
            "description": "The scope of the package",
            "required": true,
            "type": "string"
          },
          {
            "in": "path",
            "name": "unscopedPackageName",
            "description": "The name of the scoped package",
            "required": true,
            "type": "string"
          },
          {
            "in": "body",
            "name": "body",
            "description": "The behavior to apply to the scoped package within the scope of the feed",
            "required": true,
            "schema": {
              "$ref": "#/definitions/UpstreamingBehavior"
            }
          },
          {
            "in": "path",
            "name": "project",
            "description": "Project ID or project name",
            "required": true,
            "x-ms-required": false,
            "type": "string"
          },
          {
            "$ref": "#/parameters/api-Version"
          }
        ],
        "responses": {
          "200": {
            "description": "successful operation"
          }
        },
        "security": [
          {
            "oauth2": [
              "vso.packaging_manage"
            ]
          }
        ]
      }
    },
    "/{collection}/{project}/_apis/packaging/feeds/{feedId}/npm/packages/@{packageScope}/{unscopedPackageName}/versions/{packageVersion}/content": {
      "get": {
        "tags": [
          "Npm"
        ],
        "x-ms-docs-override-version": "7.0",
        "x-ms-vss-resource": "content",
        "x-ms-vss-method": "GetContentScopedPackageAsync",
        "description": "",
        "operationId": "Npm_DownloadScopedPackage",
        "produces": [
          "application/octet-stream"
        ],
        "parameters": [
          {
            "in": "path",
            "name": "collection",
            "description": "The name of the Azure DevOps collection.",
            "required": true,
            "type": "string"
          },
          {
            "in": "path",
            "name": "feedId",
            "description": "",
            "required": true,
            "type": "string"
          },
          {
            "in": "path",
            "name": "packageScope",
            "description": "",
            "required": true,
            "type": "string"
          },
          {
            "in": "path",
            "name": "unscopedPackageName",
            "description": "",
            "required": true,
            "type": "string"
          },
          {
            "in": "path",
            "name": "packageVersion",
            "description": "",
            "required": true,
            "type": "string"
          },
          {
            "in": "path",
            "name": "project",
            "description": "Project ID or project name",
            "required": true,
            "x-ms-required": false,
            "type": "string"
          },
          {
            "$ref": "#/parameters/api-Version"
          }
        ],
        "responses": {
          "200": {
            "description": "successful operation",
            "schema": {
              "type": "string",
              "format": "Stream"
            }
          }
        },
        "security": [
          {
            "oauth2": [
              "vso.packaging"
            ]
          }
        ]
      }
    },
    "/{collection}/{project}/_apis/packaging/feeds/{feedId}/npm/packages/@{packageScope}/{unscopedPackageName}/versions/{packageVersion}/readme": {
      "get": {
        "tags": [
          "Npm"
        ],
        "x-ms-docs-override-version": "7.0",
        "x-ms-vss-resource": "readme",
        "x-ms-vss-method": "GetReadmeScopedPackageAsync",
        "description": "Get the Readme for a package version with an npm scope.\n\nThe project parameter must be supplied if the feed was created in a project.\nIf the feed is not associated with any project, omit the project parameter from the request.",
        "operationId": "Npm_GetScopedPackageReadme",
        "produces": [
          "text/plain"
        ],
        "parameters": [
          {
            "in": "path",
            "name": "collection",
            "description": "The name of the Azure DevOps collection.",
            "required": true,
            "type": "string"
          },
          {
            "in": "path",
            "name": "feedId",
            "description": "Name or ID of the feed.",
            "required": true,
            "type": "string"
          },
          {
            "in": "path",
            "name": "packageScope",
            "description": "Scope of the package (the 'scope' part of @scope\\name)",
            "required": true,
            "type": "string"
          },
          {
            "in": "path",
            "name": "unscopedPackageName",
            "description": "Name of the package (the 'name' part of @scope\\name)",
            "required": true,
            "type": "string"
          },
          {
            "in": "path",
            "name": "packageVersion",
            "description": "Version of the package.",
            "required": true,
            "type": "string"
          },
          {
            "in": "path",
            "name": "project",
            "description": "Project ID or project name",
            "required": true,
            "x-ms-required": false,
            "type": "string"
          },
          {
            "$ref": "#/parameters/api-Version"
          }
        ],
        "responses": {
          "200": {
            "description": "successful operation",
            "schema": {
              "type": "string",
              "format": "Stream"
            }
          }
        },
        "security": [
          {
            "oauth2": [
              "vso.packaging"
            ]
          }
        ]
      }
    },
    "/{collection}/{project}/_apis/packaging/feeds/{feedId}/npm/packages/{packageName}/upstreaming": {
      "get": {
        "tags": [
          "Npm"
        ],
        "x-ms-docs-override-version": "7.0",
        "x-ms-vss-resource": "upstreaming",
        "x-ms-vss-method": "GetUpstreamingBehavior",
        "description": "Get the upstreaming behavior of the (unscoped) package within the context of a feed",
        "operationId": "Npm_GetScopedPackageUpstreamingBehavior",
        "produces": [
          "application/json"
        ],
        "parameters": [
          {
            "in": "path",
            "name": "collection",
            "description": "The name of the Azure DevOps collection.",
            "required": true,
            "type": "string"
          },
          {
            "in": "path",
            "name": "feedId",
            "description": "The name or id of the feed",
            "required": true,
            "type": "string"
          },
          {
            "in": "path",
            "name": "packageName",
            "description": "The name of the package",
            "required": true,
            "type": "string"
          },
          {
            "in": "path",
            "name": "project",
            "description": "Project ID or project name",
            "required": true,
            "x-ms-required": false,
            "type": "string"
          },
          {
            "$ref": "#/parameters/api-Version"
          }
        ],
        "responses": {
          "200": {
            "description": "successful operation",
            "schema": {
              "$ref": "#/definitions/UpstreamingBehavior"
            }
          }
        },
        "security": [
          {
            "oauth2": [
              "vso.packaging"
            ]
          }
        ]
      },
      "patch": {
        "tags": [
          "Npm"
        ],
        "x-ms-docs-override-version": "7.0",
        "x-ms-vss-resource": "upstreaming",
        "x-ms-vss-method": "SetUpstreamingBehavior",
        "description": "Set the upstreaming behavior of a (scoped) package within the context of a feed\n\nThe package does not need to necessarily exist in the feed prior to setting the behavior.\nThis assists with packages that are not yet ingested from an upstream, yet the feed owner wants\nto apply a specific behavior on the first ingestion.",
        "operationId": "Npm_Set Upstreaming Behavior",
        "consumes": [
          "application/json"
        ],
        "parameters": [
          {
            "in": "path",
            "name": "collection",
            "description": "The name of the Azure DevOps collection.",
            "required": true,
            "type": "string"
          },
          {
            "in": "path",
            "name": "feedId",
            "description": "The name or id of the feed",
            "required": true,
            "type": "string"
          },
          {
            "in": "path",
            "name": "packageName",
            "description": "The name of the package",
            "required": true,
            "type": "string"
          },
          {
            "in": "body",
            "name": "body",
            "description": "The behavior to apply to the scoped package within the scope of the feed",
            "required": true,
            "schema": {
              "$ref": "#/definitions/UpstreamingBehavior"
            }
          },
          {
            "in": "path",
            "name": "project",
            "description": "Project ID or project name",
            "required": true,
            "x-ms-required": false,
            "type": "string"
          },
          {
            "$ref": "#/parameters/api-Version"
          }
        ],
        "responses": {
          "200": {
            "description": "successful operation"
          }
        },
        "security": [
          {
            "oauth2": [
              "vso.packaging_manage"
            ]
          }
        ]
      }
    },
    "/{collection}/{project}/_apis/packaging/feeds/{feedId}/npm/packages/{packageName}/versions/{packageVersion}/content": {
      "get": {
        "tags": [
          "Npm"
        ],
        "x-ms-docs-override-version": "7.0",
        "x-ms-vss-resource": "content",
        "x-ms-vss-method": "GetContentUnscopedPackageAsync",
        "description": "Get an unscoped npm package.\n\nThe project parameter must be supplied if the feed was created in a project.\nIf the feed is not associated with any project, omit the project parameter from the request.",
        "operationId": "Npm_DownloadPackage",
        "produces": [
          "application/octet-stream"
        ],
        "parameters": [
          {
            "in": "path",
            "name": "collection",
            "description": "The name of the Azure DevOps collection.",
            "required": true,
            "type": "string"
          },
          {
            "in": "path",
            "name": "feedId",
            "description": "Name or ID of the feed.",
            "required": true,
            "type": "string"
          },
          {
            "in": "path",
            "name": "packageName",
            "description": "Name of the package.",
            "required": true,
            "type": "string"
          },
          {
            "in": "path",
            "name": "packageVersion",
            "description": "Version of the package.",
            "required": true,
            "type": "string"
          },
          {
            "in": "path",
            "name": "project",
            "description": "Project ID or project name",
            "required": true,
            "x-ms-required": false,
            "type": "string"
          },
          {
            "$ref": "#/parameters/api-Version"
          }
        ],
        "responses": {
          "200": {
            "description": "successful operation",
            "schema": {
              "type": "string",
              "format": "Stream"
            }
          }
        },
        "security": [
          {
            "oauth2": [
              "vso.packaging"
            ]
          }
        ]
      }
    },
    "/{collection}/{project}/_apis/packaging/feeds/{feedId}/npm/packages/{packageName}/versions/{packageVersion}/readme": {
      "get": {
        "tags": [
          "Npm"
        ],
        "x-ms-docs-override-version": "7.0",
        "x-ms-vss-resource": "readme",
        "x-ms-vss-method": "GetReadmeUnscopedPackageAsync",
        "description": "Get the Readme for a package version that has no npm scope.\n\nThe project parameter must be supplied if the feed was created in a project.\nIf the feed is not associated with any project, omit the project parameter from the request.",
        "operationId": "Npm_GetPackageReadme",
        "produces": [
          "text/plain"
        ],
        "parameters": [
          {
            "in": "path",
            "name": "collection",
            "description": "The name of the Azure DevOps collection.",
            "required": true,
            "type": "string"
          },
          {
            "in": "path",
            "name": "feedId",
            "description": "Name or ID of the feed.",
            "required": true,
            "type": "string"
          },
          {
            "in": "path",
            "name": "packageName",
            "description": "Name of the package.",
            "required": true,
            "type": "string"
          },
          {
            "in": "path",
            "name": "packageVersion",
            "description": "Version of the package.",
            "required": true,
            "type": "string"
          },
          {
            "in": "path",
            "name": "project",
            "description": "Project ID or project name",
            "required": true,
            "x-ms-required": false,
            "type": "string"
          },
          {
            "$ref": "#/parameters/api-Version"
          }
        ],
        "responses": {
          "200": {
            "description": "successful operation",
            "schema": {
              "type": "string",
              "format": "Stream"
            }
          }
        },
        "security": [
          {
            "oauth2": [
              "vso.packaging"
            ]
          }
        ]
      }
    },
    "/{collection}/{project}/_apis/packaging/feeds/{feedId}/npm/packagesbatch": {
      "post": {
        "tags": [
          "Npm"
        ],
        "x-ms-docs-override-version": "7.0",
        "x-ms-vss-resource": "packagesbatch",
        "x-ms-vss-method": "UpdatePackagesAsync",
        "description": "Update several packages from a single feed in a single request. The updates to the packages do not happen atomically.\n\nThe project parameter must be supplied if the feed was created in a project.\nIf the feed is not associated with any project, omit the project parameter from the request.",
        "operationId": "Npm_Update Packages",
        "consumes": [
          "application/json"
        ],
        "parameters": [
          {
            "in": "path",
            "name": "collection",
            "description": "The name of the Azure DevOps collection.",
            "required": true,
            "type": "string"
          },
          {
            "in": "body",
            "name": "body",
            "description": "Information about the packages to update, the operation to perform, and its associated data.",
            "required": true,
            "schema": {
              "$ref": "#/definitions/NpmPackagesBatchRequest"
            }
          },
          {
            "in": "path",
            "name": "feedId",
            "description": "Name or ID of the feed.",
            "required": true,
            "type": "string"
          },
          {
            "in": "path",
            "name": "project",
            "description": "Project ID or project name",
            "required": true,
            "x-ms-required": false,
            "type": "string"
          },
          {
            "$ref": "#/parameters/api-Version"
          }
        ],
        "responses": {
          "200": {
            "description": "successful operation"
          }
        },
        "security": [
          {
            "oauth2": [
              "vso.packaging_write"
            ]
          }
        ]
      }
    },
    "/{collection}/{project}/_apis/packaging/feeds/{feedId}/npm/RecycleBin/packages/@{packageScope}/{unscopedPackageName}/versions/{packageVersion}": {
      "delete": {
        "tags": [
          "Npm"
        ],
        "x-ms-docs-override-version": "7.0",
        "x-ms-vss-resource": "recycleBinVersions",
        "x-ms-vss-method": "DeleteScopedPackageVersionFromRecycleBin",
        "description": "Delete a package version with an npm scope from the recycle bin.\n\nThe project parameter must be supplied if the feed was created in a project.\nIf the feed is not associated with any project, omit the project parameter from the request.",
        "operationId": "Npm_Delete Scoped Package Version From Recycle Bin",
        "parameters": [
          {
            "in": "path",
            "name": "collection",
            "description": "The name of the Azure DevOps collection.",
            "required": true,
            "type": "string"
          },
          {
            "in": "path",
            "name": "feedId",
            "description": "Name or ID of the feed.",
            "required": true,
            "type": "string"
          },
          {
            "in": "path",
            "name": "packageScope",
            "description": "Scope of the package (the 'scope' part of @scope/name).",
            "required": true,
            "type": "string"
          },
          {
            "in": "path",
            "name": "unscopedPackageName",
            "description": "Name of the package (the 'name' part of @scope/name).",
            "required": true,
            "type": "string"
          },
          {
            "in": "path",
            "name": "packageVersion",
            "description": "Version of the package.",
            "required": true,
            "type": "string"
          },
          {
            "in": "path",
            "name": "project",
            "description": "Project ID or project name",
            "required": true,
            "x-ms-required": false,
            "type": "string"
          },
          {
            "$ref": "#/parameters/api-Version"
          }
        ],
        "responses": {
          "200": {
            "description": "successful operation"
          }
        },
        "security": [
          {
            "oauth2": [
              "vso.packaging_manage"
            ]
          }
        ]
      },
      "get": {
        "tags": [
          "Npm"
        ],
        "x-ms-docs-override-version": "7.0",
        "x-ms-vss-resource": "recycleBinVersions",
        "x-ms-vss-method": "GetScopedPackageVersionMetadataFromRecycleBin",
        "description": "Get information about a scoped package version in the recycle bin.\n\nThe project parameter must be supplied if the feed was created in a project.\nIf the feed is not associated with any project, omit the project parameter from the request.",
        "operationId": "Npm_GetScopedPackageVersionFromRecycleBin",
        "produces": [
          "application/json"
        ],
        "parameters": [
          {
            "in": "path",
            "name": "collection",
            "description": "The name of the Azure DevOps collection.",
            "required": true,
            "type": "string"
          },
          {
            "in": "path",
            "name": "feedId",
            "description": "Name or ID of the feed.",
            "required": true,
            "type": "string"
          },
          {
            "in": "path",
            "name": "packageScope",
            "description": "Scope of the package (the 'scope' part of @scope/name)",
            "required": true,
            "type": "string"
          },
          {
            "in": "path",
            "name": "unscopedPackageName",
            "description": "Name of the package (the 'name' part of @scope/name).",
            "required": true,
            "type": "string"
          },
          {
            "in": "path",
            "name": "packageVersion",
            "description": "Version of the package.",
            "required": true,
            "type": "string"
          },
          {
            "in": "path",
            "name": "project",
            "description": "Project ID or project name",
            "required": true,
            "x-ms-required": false,
            "type": "string"
          },
          {
            "$ref": "#/parameters/api-Version"
          }
        ],
        "responses": {
          "200": {
            "description": "successful operation",
            "schema": {
              "$ref": "#/definitions/NpmPackageVersionDeletionState"
            }
          }
        },
        "security": [
          {
            "oauth2": [
              "vso.packaging"
            ]
          }
        ]
      },
      "patch": {
        "tags": [
          "Npm"
        ],
        "x-ms-docs-override-version": "7.0",
        "x-ms-vss-resource": "recycleBinVersions",
        "x-ms-vss-method": "RestoreScopedPackageVersionFromRecycleBin",
        "description": "Restore a package version with an npm scope from the recycle bin to its feed.\n\nThe project parameter must be supplied if the feed was created in a project.\nIf the feed is not associated with any project, omit the project parameter from the request.",
        "operationId": "Npm_Restore Scoped Package Version From Recycle Bin",
        "consumes": [
          "application/json"
        ],
        "parameters": [
          {
            "in": "path",
            "name": "collection",
            "description": "The name of the Azure DevOps collection.",
            "required": true,
            "type": "string"
          },
          {
            "in": "body",
            "name": "body",
            "description": "",
            "required": true,
            "schema": {
              "$ref": "#/definitions/NpmRecycleBinPackageVersionDetails"
            }
          },
          {
            "in": "path",
            "name": "feedId",
            "description": "Name or ID of the feed.",
            "required": true,
            "type": "string"
          },
          {
            "in": "path",
            "name": "packageScope",
            "description": "Scope of the package (the 'scope' part of @scope/name).",
            "required": true,
            "type": "string"
          },
          {
            "in": "path",
            "name": "unscopedPackageName",
            "description": "Name of the package (the 'name' part of @scope/name).",
            "required": true,
            "type": "string"
          },
          {
            "in": "path",
            "name": "packageVersion",
            "description": "Version of the package.",
            "required": true,
            "type": "string"
          },
          {
            "in": "path",
            "name": "project",
            "description": "Project ID or project name",
            "required": true,
            "x-ms-required": false,
            "type": "string"
          },
          {
            "$ref": "#/parameters/api-Version"
          }
        ],
        "responses": {
          "200": {
            "description": "successful operation"
          }
        },
        "security": [
          {
            "oauth2": [
              "vso.packaging_manage"
            ]
          }
        ]
      }
    },
    "/{collection}/{project}/_apis/packaging/feeds/{feedId}/npm/RecycleBin/packages/{packageName}/versions/{packageVersion}": {
      "delete": {
        "tags": [
          "Npm"
        ],
        "x-ms-docs-override-version": "7.0",
        "x-ms-vss-resource": "recycleBinVersions",
        "x-ms-vss-method": "DeletePackageVersionFromRecycleBin",
        "description": "Delete a package version without an npm scope from the recycle bin.\n\nThe project parameter must be supplied if the feed was created in a project.\nIf the feed is not associated with any project, omit the project parameter from the request.",
        "operationId": "Npm_Delete Package Version From Recycle Bin",
        "parameters": [
          {
            "in": "path",
            "name": "collection",
            "description": "The name of the Azure DevOps collection.",
            "required": true,
            "type": "string"
          },
          {
            "in": "path",
            "name": "feedId",
            "description": "Name or ID of the feed.",
            "required": true,
            "type": "string"
          },
          {
            "in": "path",
            "name": "packageName",
            "description": "Name of the package.",
            "required": true,
            "type": "string"
          },
          {
            "in": "path",
            "name": "packageVersion",
            "description": "Version of the package.",
            "required": true,
            "type": "string"
          },
          {
            "in": "path",
            "name": "project",
            "description": "Project ID or project name",
            "required": true,
            "x-ms-required": false,
            "type": "string"
          },
          {
            "$ref": "#/parameters/api-Version"
          }
        ],
        "responses": {
          "200": {
            "description": "successful operation"
          }
        },
        "security": [
          {
            "oauth2": [
              "vso.packaging_manage"
            ]
          }
        ]
      },
      "get": {
        "tags": [
          "Npm"
        ],
        "x-ms-docs-override-version": "7.0",
        "x-ms-vss-resource": "recycleBinVersions",
        "x-ms-vss-method": "GetPackageVersionMetadataFromRecycleBin",
        "description": "Get information about an unscoped package version in the recycle bin.\n\nThe project parameter must be supplied if the feed was created in a project.\nIf the feed is not associated with any project, omit the project parameter from the request.",
        "operationId": "Npm_GetPackageVersionFromRecycleBin",
        "produces": [
          "application/json"
        ],
        "parameters": [
          {
            "in": "path",
            "name": "collection",
            "description": "The name of the Azure DevOps collection.",
            "required": true,
            "type": "string"
          },
          {
            "in": "path",
            "name": "feedId",
            "description": "Name or ID of the feed.",
            "required": true,
            "type": "string"
          },
          {
            "in": "path",
            "name": "packageName",
            "description": "Name of the package.",
            "required": true,
            "type": "string"
          },
          {
            "in": "path",
            "name": "packageVersion",
            "description": "Version of the package.",
            "required": true,
            "type": "string"
          },
          {
            "in": "path",
            "name": "project",
            "description": "Project ID or project name",
            "required": true,
            "x-ms-required": false,
            "type": "string"
          },
          {
            "$ref": "#/parameters/api-Version"
          }
        ],
        "responses": {
          "200": {
            "description": "successful operation",
            "schema": {
              "$ref": "#/definitions/NpmPackageVersionDeletionState"
            }
          }
        },
        "security": [
          {
            "oauth2": [
              "vso.packaging"
            ]
          }
        ]
      },
      "patch": {
        "tags": [
          "Npm"
        ],
        "x-ms-docs-override-version": "7.0",
        "x-ms-vss-resource": "recycleBinVersions",
        "x-ms-vss-method": "RestorePackageVersionFromRecycleBin",
        "description": "Restore a package version without an npm scope from the recycle bin to its feed.\n\nThe project parameter must be supplied if the feed was created in a project.\nIf the feed is not associated with any project, omit the project parameter from the request.",
        "operationId": "Npm_Restore Package Version From Recycle Bin",
        "consumes": [
          "application/json"
        ],
        "parameters": [
          {
            "in": "path",
            "name": "collection",
            "description": "The name of the Azure DevOps collection.",
            "required": true,
            "type": "string"
          },
          {
            "in": "body",
            "name": "body",
            "description": "",
            "required": true,
            "schema": {
              "$ref": "#/definitions/NpmRecycleBinPackageVersionDetails"
            }
          },
          {
            "in": "path",
            "name": "feedId",
            "description": "Name or ID of the feed.",
            "required": true,
            "type": "string"
          },
          {
            "in": "path",
            "name": "packageName",
            "description": "Name of the package.",
            "required": true,
            "type": "string"
          },
          {
            "in": "path",
            "name": "packageVersion",
            "description": "Version of the package.",
            "required": true,
            "type": "string"
          },
          {
            "in": "path",
            "name": "project",
            "description": "Project ID or project name",
            "required": true,
            "x-ms-required": false,
            "type": "string"
          },
          {
            "$ref": "#/parameters/api-Version"
          }
        ],
        "responses": {
          "200": {
            "description": "successful operation"
          }
        },
        "security": [
          {
            "oauth2": [
              "vso.packaging_manage"
            ]
          }
        ]
      }
    },
    "/{collection}/{project}/_apis/packaging/feeds/{feedId}/npm/RecycleBin/PackagesBatch": {
      "post": {
        "tags": [
          "Npm"
        ],
        "x-ms-docs-override-version": "7.0",
        "x-ms-vss-resource": "recyclebinpackagesbatch",
        "x-ms-vss-method": "UpdateRecycleBinPackagesAsync",
        "description": "Delete or restore several package versions from the recycle bin.\n\nThe project parameter must be supplied if the feed was created in a project.\nIf the feed is not associated with any project, omit the project parameter from the request.",
        "operationId": "Npm_Update Recycle Bin Packages",
        "consumes": [
          "application/json"
        ],
        "parameters": [
          {
            "in": "path",
            "name": "collection",
            "description": "The name of the Azure DevOps collection.",
            "required": true,
            "type": "string"
          },
          {
            "in": "body",
            "name": "body",
            "description": "Information about the packages to update, the operation to perform, and its associated data.",
            "required": true,
            "schema": {
              "$ref": "#/definitions/NpmPackagesBatchRequest"
            }
          },
          {
            "in": "path",
            "name": "feedId",
            "description": "Name or ID of the feed.",
            "required": true,
            "type": "string"
          },
          {
            "in": "path",
            "name": "project",
            "description": "Project ID or project name",
            "required": true,
            "x-ms-required": false,
            "type": "string"
          },
          {
            "$ref": "#/parameters/api-Version"
          }
        ],
        "responses": {
          "200": {
            "description": "successful operation"
          }
        },
        "security": [
          {
            "oauth2": [
              "vso.packaging_write"
            ]
          }
        ]
      }
    }
  },
  "definitions": {
    "BatchDeprecateData": {
      "description": "Data required to deprecate multiple package versions. Pass this while performing NpmBatchOperationTypes.Deprecate batch operation.",
      "type": "object",
      "allOf": [
        {
          "$ref": "#/definitions/BatchOperationData"
        }
      ],
      "properties": {
        "message": {
          "description": "Deprecate message that will be added to packages",
          "type": "string"
        }
      }
    },
    "BatchOperationData": {
      "description": "Do not attempt to use this type to create a new BatchOperationData. This type does not contain sufficient fields to create a new batch operation data.",
      "type": "object",
      "properties": {}
    },
    "JsonPatchOperation": {
      "description": "The JSON model for a JSON Patch operation",
      "type": "object",
      "properties": {
        "from": {
          "description": "The path to copy from for the Move/Copy operation.",
          "type": "string"
        },
        "op": {
          "description": "The patch operation",
          "enum": [
            "add",
            "remove",
            "replace",
            "move",
            "copy",
            "test"
          ],
          "x-ms-enum": {
            "name": "Operation",
            "values": [
              {
                "value": "add",
                "description": ""
              },
              {
                "value": "remove",
                "description": ""
              },
              {
                "value": "replace",
                "description": ""
              },
              {
                "value": "move",
                "description": ""
              },
              {
                "value": "copy",
                "description": ""
              },
              {
                "value": "test",
                "description": ""
              }
            ]
          }
        },
        "path": {
          "description": "The path for the operation. In the case of an array, a zero based index can be used to specify the position in the array (e.g. /biscuits/0/name). The \"-\" character can be used instead of an index to insert at the end of the array (e.g. /biscuits/-).",
          "type": "string"
        },
        "value": {
          "description": "The value for the operation. This is either a primitive or a JToken.",
          "type": "object"
        }
      }
    },
    "MinimalPackageDetails": {
      "description": "Minimal package details required to identify a package within a protocol.",
      "type": "object",
      "properties": {
        "id": {
          "description": "Package name.",
          "type": "string"
        },
        "version": {
          "description": "Package version.",
          "type": "string"
        }
      }
    },
    "NpmPackagesBatchRequest": {
      "description": "A batch of operations to apply to package versions.",
      "type": "object",
      "properties": {
        "data": {
          "description": "Data required to perform the operation. This is optional based on type of operation. Use BatchPromoteData if performing a promote operation.",
          "$ref": "#/definitions/BatchOperationData"
        },
        "operation": {
          "description": "Type of operation that needs to be performed on packages.",
          "enum": [
            "promote",
            "deprecate",
            "unpublish",
            "permanentDelete",
            "restoreToFeed",
            "delete"
          ],
          "x-ms-enum": {
            "name": "NpmBatchOperationType",
            "values": [
              {
                "value": "promote",
                "description": "Promote package versions to a release view. If constructing a NpmPackagesBatchRequest object with this type, use BatchPromoteData for its Data property. Not supported in the Recycle Bin."
              },
              {
                "value": "deprecate",
                "description": "Deprecate or undeprecate package versions. Not supported in the Recycle Bin."
              },
              {
                "value": "unpublish",
                "description": "Unpublish package versions. Npm-specific alias for the Delete operation. Not supported in the Recycle Bin."
              },
              {
                "value": "permanentDelete",
                "description": "Permanently delete package versions. Only supported in the Recycle Bin."
              },
              {
                "value": "restoreToFeed",
                "description": "Restore unpublished package versions to the feed. Only supported in the Recycle Bin."
              },
              {
                "value": "delete",
                "description": "Delete package versions (equivalent to Unpublish). Not supported in the Recycle Bin."
              }
            ]
          }
        },
        "packages": {
          "description": "The packages onto which the operation will be performed.",
          "type": "array",
          "items": {
            "$ref": "#/definitions/MinimalPackageDetails"
          }
        }
      }
    },
    "NpmPackageVersionDeletionState": {
      "description": "Deletion state of an npm package.",
      "type": "object",
      "properties": {
        "name": {
          "description": "Name of the package.",
          "type": "string"
        },
        "unpublishedDate": {
          "description": "UTC date the package was unpublished.",
          "type": "string",
          "format": "date-time"
        },
        "version": {
          "description": "Version of the package.",
          "type": "string"
        }
      }
    },
    "NpmRecycleBinPackageVersionDetails": {
      "description": "",
      "type": "object",
      "properties": {
        "deleted": {
          "description": "Setting to false will undo earlier deletion and restore the package to feed.",
          "type": "boolean"
        }
      }
    },
    "Package": {
      "description": "Package version metadata for an npm package",
      "type": "object",
      "properties": {
        "_links": {
          "description": "Related REST links.",
          "$ref": "#/definitions/ReferenceLinks"
        },
        "deprecateMessage": {
          "description": "Deprecated message, if any, for the package.",
          "type": "string"
        },
        "id": {
          "description": "Package Id.",
          "type": "string"
        },
        "name": {
          "description": "The display name of the package.",
          "type": "string"
        },
        "permanentlyDeletedDate": {
          "description": "If and when the package was permanently deleted.",
          "type": "string",
          "format": "date-time"
        },
        "sourceChain": {
          "description": "The history of upstream sources for this package. The first source in the list is the immediate source from which this package was saved.",
          "type": "array",
          "items": {
            "$ref": "#/definitions/UpstreamSourceInfo"
          }
        },
        "unpublishedDate": {
          "description": "If and when the package was deleted.",
          "type": "string",
          "format": "date-time"
        },
        "version": {
          "description": "The version of the package.",
          "type": "string"
        }
      }
    },
    "PackageVersionDetails": {
      "description": "",
      "type": "object",
      "properties": {
        "deprecateMessage": {
          "description": "Indicates the deprecate message of a package version",
          "type": "string"
        },
        "views": {
          "description": "The view to which the package version will be added",
          "$ref": "#/definitions/JsonPatchOperation"
        }
      }
    },
    "ReferenceLinks": {
      "description": "The class to represent a collection of REST reference links.",
      "type": "object",
      "properties": {
        "links": {
          "description": "The readonly view of the links.  Because Reference links are readonly, we only want to expose them as read only.",
          "type": "object",
          "additionalProperties": {
            "type": "object"
          }
        }
      }
    },
    "UpstreamingBehavior": {
      "description": "Describes upstreaming behavior for a given feed/protocol/package",
      "type": "object",
      "properties": {
        "versionsFromExternalUpstreams": {
          "description": "Indicates whether external upstream versions should be considered for this package",
          "enum": [
            "auto",
            "allowExternalVersions"
          ],
          "x-ms-enum": {
            "name": "UpstreamVersionVisibility",
            "values": [
              {
                "value": "auto",
                "description": ""
              },
              {
                "value": "allowExternalVersions",
                "description": ""
              }
            ]
          }
        }
      }
    },
    "UpstreamSourceInfo": {
      "description": "Upstream source definition, including its Identity, package type, and other associated information.",
      "type": "object",
      "properties": {
        "displayLocation": {
          "description": "Locator for connecting to the upstream source in a user friendly format, that may potentially change over time",
          "type": "string"
        },
        "id": {
          "description": "Identity of the upstream source.",
          "type": "string",
          "format": "uuid"
        },
        "location": {
          "description": "Locator for connecting to the upstream source",
          "type": "string"
        },
        "name": {
          "description": "Display name.",
          "type": "string"
        },
        "sourceType": {
          "description": "Source type, such as Public or Internal.",
          "enum": [
            "public",
            "internal"
          ],
          "x-ms-enum": {
            "name": "PackagingSourceType",
            "values": [
              {
                "value": "public",
                "description": "Publicly available source."
              },
              {
                "value": "internal",
                "description": "Azure DevOps upstream source."
              }
            ]
          }
        }
      }
    }
  },
  "parameters": {
    "api-Version": {
      "name": "api-version",
      "in": "query",
      "description": "Version of the API to use.  This should be set to '7.0' to use this version of the api.",
      "required": true,
      "type": "string"
    }
  },
  "securityDefinitions": {
    "accessToken": {
      "type": "basic",
      "description": "Personal access token. Use any value for the user name and the token as the password."
    },
    "oauth2": {
      "type": "oauth2",
      "flow": "accessCode",
      "authorizationUrl": "https://app.vssps.visualstudio.com/oauth2/authorize&response_type=Assertion",
      "tokenUrl": "https://app.vssps.visualstudio.com/oauth2/token?client_assertion_type=urn:ietf:params:oauth:client-assertion-type:jwt-bearer&grant_type=urn:ietf:params:oauth:grant-type:jwt-bearer",
      "scopes": {
        "vso.packaging": "Grants the ability to read feeds and packages. Also grants the ability to search packages.",
        "vso.packaging_manage": "Grants the ability to create, read, update, and delete feeds and packages.",
        "vso.packaging_write": "Grants the ability to create and read feeds and packages."
      }
    }
  },
  "security": [
    {
      "accessToken": []
    }
  ],
  "externalDocs": {
    "description": "Azure DevOps REST APIs",
    "url": "https://aka.ms/azure-devops-rest-apis"
  },
  "x-ms-parameterized-host": {
    "hostTemplate": "{instance}",
    "parameters": [
      {
        "name": "instance",
        "description": "TFS server name ({server:port})",
        "required": true,
        "type": "string",
        "in": "path"
      }
    ]
  }
}
