{
  "x-ms-vss-request-method": "GET",
  "x-ms-vss-request-url": "https://dev.azure.com/fabrikam/RM/_apis/pipelines/checks/configurations?resourceType=queue&resourceId=1",
  "parameters": {
    "resourceType": "queue",
    "resourceId": "1",
    "api-version": "6.1-preview.1",
    "account": "fabrikam"
  },
  "responses": {
    "200": {
      "headers": {
        "request-Context": "appId=cid-v1:a892bfef-0287-4640-9f5e-cffc90fbcf94",
        "access-Control-Expose-Headers": "Request-Context"
      },
      "body": {
        "count": 4,
        "value": [
          {
            "createdBy": {
              "displayName": "User Name",
              "id": "3b3db741-9d03-4e32-a7c0-6c3dfc2013c1",
              "uniqueName": "uniqueName",
              "descriptor": "Descriptor"
            },
            "createdOn": "2020-11-19T11:21:11.1408948Z",
            "modifiedBy": {
              "displayName": "User Name",
              "id": "3b3db741-9d03-4e32-a7c0-6c3dfc2013c1",
              "uniqueName": "uniqueName",
              "descriptor": "Descriptor"
            },
            "modifiedOn": "2020-11-19T11:21:11.1408948Z",
            "timeout": 43200,
            "_links": {
              "self": {
                "href": "https://dev.azure.com/fabrikam/d6b3e0ea-8197-4dec-831b-50e2e06ff95f/_apis/pipelines/checks/configurations/22"
              }
            },
            "id": 22,
            "type": {
              "id": "8c6f20a7-a545-4486-9777-f762fafe0d4d",
              "name": "Approval"
            },
            "url": "https://dev.azure.com/fabrikam/d6b3e0ea-8197-4dec-831b-50e2e06ff95f/_apis/pipelines/checks/configurations/22",
            "resource": {
              "type": "queue",
              "id": "1",
              "name": "Default"
            }
          },
          {
            "createdBy": {
              "displayName": "User Name",
              "id": "3b3db741-9d03-4e32-a7c0-6c3dfc2013c1",
              "uniqueName": "uniqueName",
              "descriptor": "Descriptor"
            },
            "createdOn": "2020-11-19T11:21:11.312742Z",
            "modifiedBy": {
              "displayName": "User Name",
              "id": "3b3db741-9d03-4e32-a7c0-6c3dfc2013c1",
              "uniqueName": "uniqueName",
              "descriptor": "Descriptor"
            },
            "modifiedOn": "2020-11-19T11:21:11.312742Z",
            "timeout": 43200,
            "_links": {
              "self": {
                "href": "https://dev.azure.com/fabrikam/d6b3e0ea-8197-4dec-831b-50e2e06ff95f/_apis/pipelines/checks/configurations/23"
              }
            },
            "id": 23,
            "type": {
              "id": "fe1de3ee-a436-41b4-bb20-f6eb4cb879a7",
              "name": "Task Check"
            },
            "url": "https://dev.azure.com/fabrikam/d6b3e0ea-8197-4dec-831b-50e2e06ff95f/_apis/pipelines/checks/configurations/23",
            "resource": {
              "type": "queue",
              "id": "1",
              "name": "Default"
            }
          },
          {
            "createdBy": {
              "displayName": "User Name",
              "id": "3b3db741-9d03-4e32-a7c0-6c3dfc2013c1",
              "uniqueName": "uniqueName",
              "descriptor": "Descriptor"
            },
            "createdOn": "2020-11-19T11:42:31.1912383Z",
            "modifiedBy": {
              "displayName": "User Name",
              "id": "3b3db741-9d03-4e32-a7c0-6c3dfc2013c1",
              "uniqueName": "uniqueName",
              "descriptor": "Descriptor"
            },
            "modifiedOn": "2020-11-19T11:42:31.1912383Z",
            "timeout": 43200,
            "_links": {
              "self": {
                "href": "https://dev.azure.com/fabrikam/d6b3e0ea-8197-4dec-831b-50e2e06ff95f/_apis/pipelines/checks/configurations/24"
              }
            },
            "id": 24,
            "type": {
              "id": "8c6f20a7-a545-4486-9777-f762fafe0d4d",
              "name": "Approval"
            },
            "url": "https://dev.azure.com/fabrikam/d6b3e0ea-8197-4dec-831b-50e2e06ff95f/_apis/pipelines/checks/configurations/24",
            "resource": {
              "type": "queue",
              "id": "1",
              "name": "Default"
            }
          },
          {
            "createdBy": {
              "displayName": "User Name",
              "id": "3b3db741-9d03-4e32-a7c0-6c3dfc2013c1",
              "uniqueName": "uniqueName",
              "descriptor": "Descriptor"
            },
            "createdOn": "2020-11-19T11:42:31.3318475Z",
            "modifiedBy": {
              "displayName": "User Name",
              "id": "3b3db741-9d03-4e32-a7c0-6c3dfc2013c1",
              "uniqueName": "uniqueName",
              "descriptor": "Descriptor"
            },
            "modifiedOn": "2020-11-19T11:42:31.3318475Z",
            "timeout": 43200,
            "_links": {
              "self": {
                "href": "https://dev.azure.com/fabrikam/d6b3e0ea-8197-4dec-831b-50e2e06ff95f/_apis/pipelines/checks/configurations/25"
              }
            },
            "id": 25,
            "type": {
              "id": "fe1de3ee-a436-41b4-bb20-f6eb4cb879a7",
              "name": "Task Check"
            },
            "url": "https://dev.azure.com/fabrikam/d6b3e0ea-8197-4dec-831b-50e2e06ff95f/_apis/pipelines/checks/configurations/25",
            "resource": {
              "type": "queue",
              "id": "1",
              "name": "Default"
            }
          }
        ]
      }
    }
  },
  "x-ms-vss-generated": true,
  "x-ms-vss-generated-date": "2020-11-19T17:12:31.4297951+05:30",
  "x-ms-vss-format": 1,
  "x-ms-vss-area": "PipelinesChecks",
  "x-ms-vss-resource": "configurations"
}