{
  "x-ms-vss-request-method": "POST",
  "x-ms-vss-request-url": "https://dev.azure.com/fabrikam/RM/_apis/pipelines/checks/configurations",
  "parameters": {
    "body": {
      "settings": {
        "displayName": "Business Hours",
        "definitionRef": {
          "id": "445fde2f-6c39-441c-807f-8a59ff2e075f",
          "name": "evaluateBusinessHours",
          "version": "0.0.1"
        },
        "inputs": {
          "businessDays": "Monday,Tuesday,Wednesday,Thursday,Friday",
          "timeZone": "UTC",
          "startTime": "04:00",
          "endTime": "11:00"
        },
        "retryInterval": 5
      },
      "timeout": 43200,
      "type": {
        "id": "fe1de3ee-a436-41b4-bb20-f6eb4cb879a7",
        "name": "Task Check"
      },
      "resource": {
        "type": "queue",
        "id": "1",
        "name": "Default"
      }
    },
    "api-version": "6.1-preview.1",
    "account": "fabrikam"
  },
  "responses": {
    "200": {
      "headers": {
        "request-Context": "appId=cid-v1:a892bfef-0287-4640-9f5e-cffc90fbcf94",
        "access-Control-Expose-Headers": "Request-Context"
      },
      "body": {
        "settings": {
          "displayName": "Business Hours",
          "definitionRef": {
            "id": "445fde2f-6c39-441c-807f-8a59ff2e075f",
            "name": "evaluateBusinessHours",
            "version": "0.0.1"
          },
          "inputs": {
            "businessDays": "Monday,Tuesday,Wednesday,Thursday,Friday",
            "timeZone": "UTC",
            "startTime": "04:00",
            "endTime": "11:00"
          },
          "retryInterval": 5
        },
        "createdBy": {
          "displayName": "User Name",
          "id": "3b3db741-9d03-4e32-a7c0-6c3dfc2013c1",
          "uniqueName": "uniqueName",
          "descriptor": "Descriptor"
        },
        "createdOn": "2020-11-19T11:21:11.312742Z",
        "modifiedBy": {
          "displayName": "User Name",
          "id": "3b3db741-9d03-4e32-a7c0-6c3dfc2013c1",
          "uniqueName": "uniqueName",
          "descriptor": "Descriptor"
        },
        "modifiedOn": "2020-11-19T11:21:11.312742Z",
        "timeout": 43200,
        "_links": {
          "self": {
            "href": "https://dev.azure.com/fabrikam/d6b3e0ea-8197-4dec-831b-50e2e06ff95f/_apis/pipelines/checks/configurations/23"
          }
        },
        "id": 23,
        "type": {
          "id": "fe1de3ee-a436-41b4-bb20-f6eb4cb879a7",
          "name": "Task Check"
        },
        "url": "https://dev.azure.com/fabrikam/d6b3e0ea-8197-4dec-831b-50e2e06ff95f/_apis/pipelines/checks/configurations/23",
        "resource": {
          "type": "queue",
          "id": "1",
          "name": "Default"
        }
      }
    }
  },
  "x-ms-vss-generated": true,
  "x-ms-vss-generated-date": "2020-11-19T16:51:11.3084729+05:30",
  "x-ms-vss-format": 1,
  "x-ms-vss-area": "PipelinesChecks",
  "x-ms-vss-resource": "configurations"
}