{
  "parameters": {
    "keys": "System.CurrentProcessTemplateId,*SourceControl*",
    "project": "94e82dfb-8ce4-430c-aa97-07ee10c83d5f",
    "collection": "fabrikam"
  },
  "responses": {
    "200": {
      "body": {
        "count": 4,
        "value": [
          {
            "name": "System.CurrentProcessTemplateId",
            "value": "2dc3221a-2d39-4138-a4e1-fc4d20d8912d"
          },
          {
            "name": "System.SourceControlCapabilityFlags",
            "value": "2"
          },
          {
            "name": "System.SourceControlGitEnabled",
            "value": "True"
          },
          {
            "name": "System.SourceControlGitPermissionsInitialized",
            "value": "True"
          }
        ]
      }
    }
  },
  "x-ms-vss-migrated": true,
  "x-ms-vss-request-url": "https://fabrikam:8080/tfs/_apis/projects/94e82dfb-8ce4-430c-aa97-07ee10c83d5f/properties?keys=System.CurrentProcessTemplateId,*SourceControl*&api-version=4.0-preview",
  "x-ms-vss-format": 2
}