{
  "parameters": {
    "widgetId": "Microsoft.VisualStudioOnline.Dashboards.OtherLinks",
    "organization": "fabrikam"
  },
  "responses": {
    "200": {
      "body": {
        "widgetMetadata": {
          "typeId": "Microsoft.VisualStudioOnline.Dashboards.OtherLinks",
          "name": "Other Links Widget",
          "previewImageUrl": "{{ServiceUrl \"00025394-6065-48CA-87D9-7F5672854EF7\" \"Application\"}}_static/Widgets/otherLinksPreview.png",
          "description": "Shows relavant links for the team.",
          "isVisibleFromCatalog": true,
          "isEnabled": true,
          "contentUri": "{{ServiceUrl \"00025394-6065-48CA-87D9-7F5672854EF7\" \"ProjectCollection\"}}{{project.name}}/_widgets/OtherLinks",
          "allowedSizes": [
            {
              "rowSpan": 1,
              "columnSpan": 2
            }
          ],
          "contribution": {
            "extension": {
              "id": "bfb0eae0-a71f-469d-a021-9e650546db6b",
              "namespace": "dashboards.other-links",
              "version": "0.0.1",
              "name": "Other Links Widget",
              "description": "Shows relavant links for the team",
              "provider": {
                "name": "Microsoft",
                "website": "https://www.microsoft.com"
              },
              "icon": "{{ServiceUrl \"00025394-6065-48CA-87D9-7F5672854EF7\" \"Application\"}}_static/Widgets/otherLinksPreview.png",
              "contributions": {
                "vs.Dashboards.web#widget": [
                  {
                    "id": "Microsoft.VisualStudioOnline.Dashboards.OtherLinks",
                    "name": "Other Links Widget",
                    "previewImageUrl": "{{ServiceUrl \"00025394-6065-48CA-87D9-7F5672854EF7\" \"Application\"}}_static/Widgets/otherLinksPreview.png",
                    "description": "Shows relavant links for the team.",
                    "uri": "{{ServiceUrl \"00025394-6065-48CA-87D9-7F5672854EF7\" \"ProjectCollection\"}}{{project.name}}/_widgets/OtherLinks",
                    "supportedSizes": [
                      {
                        "rowSpan": 1,
                        "columnSpan": 2
                      }
                    ]
                  }
                ]
              },
              "publishInfo": {
                "store": {
                  "extensionStoreType": "builtIn",
                  "target": "0093aaee-9eff-4562-a0f2-8ea21a4cc590"
                },
                "ownerId": "6915b3ed-b527-4a61-812e-19d0629e2e08",
                "lastUpdated": "2015-05-12T21:18:54.827Z"
              }
            },
            "point": {
              "extensionNamespace": "vs.Dashboards.web",
              "extensionRelativeId": "widget",
              "id": "vs.Dashboards.web#widget"
            },
            "properties": {
              "id": "Microsoft.VisualStudioOnline.Dashboards.OtherLinks",
              "name": "Other Links Widget",
              "previewImageUrl": "{{ServiceUrl \"00025394-6065-48CA-87D9-7F5672854EF7\" \"Application\"}}_static/Widgets/otherLinksPreview.png",
              "description": "Shows relavant links for the team.",
              "uri": "{{ServiceUrl \"00025394-6065-48CA-87D9-7F5672854EF7\" \"ProjectCollection\"}}{{project.name}}/_widgets/OtherLinks",
              "supportedSizes": [
                {
                  "rowSpan": 1,
                  "columnSpan": 2
                }
              ]
            }
          }
        },
        "uri": "https://dev.azure.com/fabrikam/_apis/Dashboard/WidgetTypes/Microsoft.VisualStudioOnline.Dashboards.OtherLinks"
      }
    }
  },
  "x-ms-vss-migrated": true,
  "x-ms-vss-request-url": "https://dev.azure.com/fabrikam/_apis/dashboard/WidgetTypes/Microsoft.VisualStudioOnline.Dashboards.OtherLinks?api-version=1.0",
  "x-ms-vss-format": 2
}