{
  "x-ms-vss-request-method": "GET",
  "x-ms-vss-request-url": "https://dev.azure.com/fabrikam/RM/_apis/pipelines/pipelinePermissions/queue/1",
  "parameters": {
    "api-version": "6.1-preview.1",
    "account": "fabrikam"
  },
  "responses": {
    "200": {
      "headers": {
        "request-Context": "appId=cid-v1:a892bfef-0287-4640-9f5e-cffc90fbcf94",
        "access-Control-Expose-Headers": "Request-Context"
      },
      "body": {
        "resource": {
          "type": "queue",
          "id": "1"
        },
        "pipelines": [
          {
            "id": 6,
            "authorized": true,
            "authorizedBy": {
              "displayName": "User Name",
              "id": "3b3db741-9d03-4e32-a7c0-6c3dfc2013c1",
              "uniqueName": "uniqueName",
              "descriptor": "Descriptor"
            },
            "authorizedOn": "2020-01-02T08:59:48.77Z"
          },
          {
            "id": 15,
            "authorized": true,
            "authorizedBy": {
              "displayName": "User Name",
              "id": "3b3db741-9d03-4e32-a7c0-6c3dfc2013c1",
              "uniqueName": "uniqueName",
              "descriptor": "Descriptor"
            },
            "authorizedOn": "2020-11-19T08:14:49.26Z"
          },
          {
            "id": 16,
            "authorized": true,
            "authorizedBy": {
              "displayName": "User Name",
              "id": "3b3db741-9d03-4e32-a7c0-6c3dfc2013c1",
              "uniqueName": "uniqueName",
              "descriptor": "Descriptor"
            },
            "authorizedOn": "2020-11-20T15:10:54.187Z"
          }
        ]
      }
    }
  },
  "x-ms-vss-generated": true,
  "x-ms-vss-generated-date": "2020-11-20T21:03:01.517184+05:30",
  "x-ms-vss-format": 1,
  "x-ms-vss-area": "pipelinePermissions",
  "x-ms-vss-resource": "pipelinePermissions"
}