{
  "build_entry_point": "docs",
  "need_generate_pdf": true,
  "need_generate_intellisense": false,
  "docsets_to_publish": [],
  "notification_subscribers": [
    "tedchamb@microsoft.com",
    "whjenkin@microsoft.com"
  ],
  "branches_to_filter": [],
  "skip_source_output_uploading": false,
  "dependent_repositories": [
    {
      "path_to_root": "_themes",
      "url": "https://github.com/Microsoft/templates.docs.msft",
      "branch": "master",
      "branch_mapping": {}
    }
  ],
  "need_generate_pdf_url_template": false
}
