{
  "parameters": {
    "organization": "fabrikam"
  },
  "responses": {
    "200": {
      "body": {
        "dashboardEntries": [
          {
            "id": "29653dd2-c18a-4d19-8333-e556c5b8d025",
            "name": "Overview",
            "refreshInterval": 0,
            "position": 1,
            "url": "https://dev.azure.com/fabrikam/99755c45-cb33-4ab4-9f36-e5920cec7ba9/dc0d32d0-be95-4385-9df6-1176d698be22/_apis/Dashboard/Dashboards/29653dd2-c18a-4d19-8333-e556c5b8d025"
          },
          {
            "id": "ad633947-f99b-4813-bfc6-b67b7e687b0e",
            "name": "t2",
            "refreshInterval": 0,
            "position": 2,
            "url": "https://dev.azure.com/fabrikam/99755c45-cb33-4ab4-9f36-e5920cec7ba9/dc0d32d0-be95-4385-9df6-1176d698be22/_apis/Dashboard/Dashboards/ad633947-f99b-4813-bfc6-b67b7e687b0e"
          }
        ],
        "url": "https://dev.azure.com/fabrikam/99755c45-cb33-4ab4-9f36-e5920cec7ba9/dc0d32d0-be95-4385-9df6-1176d698be22/_apis/Dashboard/Dashboards",
        "_links": {
          "self": {
            "href": "https://dev.azure.com/fabrikam/99755c45-cb33-4ab4-9f36-e5920cec7ba9/dc0d32d0-be95-4385-9df6-1176d698be22/_apis/Dashboard/Dashboards"
          },
          "dashboard": [
            {
              "href": "https://dev.azure.com/fabrikam/99755c45-cb33-4ab4-9f36-e5920cec7ba9/dc0d32d0-be95-4385-9df6-1176d698be22/_apis/Dashboard/Dashboards/29653dd2-c18a-4d19-8333-e556c5b8d025"
            },
            {
              "href": "https://dev.azure.com/fabrikam/99755c45-cb33-4ab4-9f36-e5920cec7ba9/dc0d32d0-be95-4385-9df6-1176d698be22/_apis/Dashboard/Dashboards/ad633947-f99b-4813-bfc6-b67b7e687b0e"
            }
          ]
        }
      }
    }
  },
  "x-ms-vss-migrated": true,
  "x-ms-vss-request-url": "https://dev.azure.com/fabrikam/83e53972-81cd-434e-b15a-6fafcf405ac7/ac3cf153-3ae1-44ea-8663-e75006873f81/_apis/Dashboard/Dashboards/?api-version=3.0-preview.2",
  "x-ms-vss-format": 2
}