﻿{
  "swagger": "2.0",
  "info": {
    "title": "UPackApi",
    "description": "",
    "termsOfService": "https://go.microsoft.com/fwlink/?LinkId=329770",
    "contact": {
      "name": "nugetvss",
      "email": "nugetvss@microsoft.com"
    },
    "license": {
      "name": "MICROSOFT SOFTWARE LICENSE TERMS",
      "url": "https://go.microsoft.com/fwlink/?LinkId=329770"
    },
    "version": "6.1-preview"
  },
  "host": "pkgs.dev.azure.com",
  "x-ms-vss-area": "UPack",
  "x-ms-vss-resource-area-id": "d397749b-f115-4027-b6dd-77a65dd10d21",
  "basePath": "/",
  "tags": [
    {
      "name": "Universal",
      "description": "Perform batch operations on packages"
    }
  ],
  "schemes": [
    "https"
  ],
  "paths": {
    "/{organization}/{project}/_apis/packaging/feeds/{feedId}/upack/packages/{packageName}/versions/{packageVersion}": {
      "delete": {
        "tags": [
          "Universal"
        ],
        "x-ms-docs-override-version": "6.1-preview.1",
        "x-ms-vss-resource": "versions",
        "x-ms-vss-method": "DeletePackageVersion",
        "x-ms-preview": true,
        "description": "Delete a package version from a feed's recycle bin.\n\nThe project parameter must be supplied if the feed was created in a project.\nIf the feed is not associated with any project, omit the project parameter from the request.",
        "operationId": "Universal_Delete Package Version",
        "produces": [
          "application/json"
        ],
        "parameters": [
          {
            "in": "path",
            "name": "organization",
            "description": "The name of the Azure DevOps organization.",
            "required": true,
            "type": "string"
          },
          {
            "in": "path",
            "name": "feedId",
            "description": "Name or ID of the feed.",
            "required": true,
            "type": "string"
          },
          {
            "in": "path",
            "name": "packageName",
            "description": "Name of the package.",
            "required": true,
            "type": "string"
          },
          {
            "in": "path",
            "name": "packageVersion",
            "description": "Version of the package.",
            "required": true,
            "type": "string"
          },
          {
            "in": "path",
            "name": "project",
            "description": "Project ID or project name",
            "required": true,
            "x-ms-required": false,
            "type": "string"
          },
          {
            "$ref": "#/parameters/api-Version-preview.1"
          }
        ],
        "responses": {
          "200": {
            "description": "successful operation",
            "schema": {
              "$ref": "#/definitions/Package"
            }
          }
        },
        "security": [
          {
            "oauth2": [
              "vso.packaging_manage"
            ]
          }
        ]
      },
      "get": {
        "tags": [
          "Universal"
        ],
        "x-ms-docs-override-version": "6.1-preview.1",
        "x-ms-vss-resource": "versions",
        "x-ms-vss-method": "GetPackageVersion",
        "x-ms-preview": true,
        "description": "Show information about a package version.\n\nThe project parameter must be supplied if the feed was created in a project.\nIf the feed is not associated with any project, omit the project parameter from the request.",
        "operationId": "Universal_Get Package Version",
        "produces": [
          "application/json"
        ],
        "parameters": [
          {
            "in": "path",
            "name": "organization",
            "description": "The name of the Azure DevOps organization.",
            "required": true,
            "type": "string"
          },
          {
            "in": "path",
            "name": "feedId",
            "description": "Name or ID of the feed.",
            "required": true,
            "type": "string"
          },
          {
            "in": "path",
            "name": "packageName",
            "description": "Name of the package.",
            "required": true,
            "type": "string"
          },
          {
            "in": "path",
            "name": "packageVersion",
            "description": "Version of the package.",
            "required": true,
            "type": "string"
          },
          {
            "in": "path",
            "name": "project",
            "description": "Project ID or project name",
            "required": true,
            "x-ms-required": false,
            "type": "string"
          },
          {
            "in": "query",
            "name": "showDeleted",
            "description": "True to show information for deleted versions",
            "required": false,
            "type": "boolean"
          },
          {
            "$ref": "#/parameters/api-Version-preview.1"
          }
        ],
        "responses": {
          "200": {
            "description": "successful operation",
            "schema": {
              "$ref": "#/definitions/Package"
            }
          }
        },
        "security": [
          {
            "oauth2": [
              "vso.packaging"
            ]
          }
        ]
      },
      "patch": {
        "tags": [
          "Universal"
        ],
        "x-ms-docs-override-version": "6.1-preview.1",
        "x-ms-vss-resource": "versions",
        "x-ms-vss-method": "UpdatePackageVersion",
        "x-ms-preview": true,
        "description": "Update information for a package version.\n\nThe project parameter must be supplied if the feed was created in a project.\nIf the feed is not associated with any project, omit the project parameter from the request.",
        "operationId": "Universal_Update Package Version",
        "consumes": [
          "application/json"
        ],
        "parameters": [
          {
            "in": "path",
            "name": "organization",
            "description": "The name of the Azure DevOps organization.",
            "required": true,
            "type": "string"
          },
          {
            "in": "body",
            "name": "body",
            "description": "",
            "required": true,
            "schema": {
              "$ref": "#/definitions/PackageVersionDetails"
            }
          },
          {
            "in": "path",
            "name": "feedId",
            "description": "Name or ID of the feed.",
            "required": true,
            "type": "string"
          },
          {
            "in": "path",
            "name": "packageName",
            "description": "Name of the package.",
            "required": true,
            "type": "string"
          },
          {
            "in": "path",
            "name": "packageVersion",
            "description": "Version of the package.",
            "required": true,
            "type": "string"
          },
          {
            "in": "path",
            "name": "project",
            "description": "Project ID or project name",
            "required": true,
            "x-ms-required": false,
            "type": "string"
          },
          {
            "$ref": "#/parameters/api-Version-preview.1"
          }
        ],
        "responses": {
          "200": {
            "description": "successful operation"
          }
        },
        "security": [
          {
            "oauth2": [
              "vso.packaging_manage"
            ]
          }
        ]
      }
    },
    "/{organization}/{project}/_apis/packaging/feeds/{feedId}/upack/packagesbatch": {
      "post": {
        "tags": [
          "Universal"
        ],
        "x-ms-docs-override-version": "6.1-preview.1",
        "x-ms-vss-resource": "packagesBatch",
        "x-ms-vss-method": "UpdatePackageVersions",
        "x-ms-preview": true,
        "description": "Update several packages from a single feed in a single request. The updates to the packages do not happen atomically.\n\nThe project parameter must be supplied if the feed was created in a project.\nIf the feed is not associated with any project, omit the project parameter from the request.",
        "operationId": "Universal_Update Package Versions",
        "consumes": [
          "application/json"
        ],
        "parameters": [
          {
            "in": "path",
            "name": "organization",
            "description": "The name of the Azure DevOps organization.",
            "required": true,
            "type": "string"
          },
          {
            "in": "body",
            "name": "body",
            "description": "Information about the packages to update, the operation to perform, and its associated data.",
            "required": true,
            "schema": {
              "$ref": "#/definitions/UPackPackagesBatchRequest"
            }
          },
          {
            "in": "path",
            "name": "feedId",
            "description": "Name or ID of the feed.",
            "required": true,
            "type": "string"
          },
          {
            "in": "path",
            "name": "project",
            "description": "Project ID or project name",
            "required": true,
            "x-ms-required": false,
            "type": "string"
          },
          {
            "$ref": "#/parameters/api-Version-preview.1"
          }
        ],
        "responses": {
          "200": {
            "description": "successful operation"
          }
        },
        "security": [
          {
            "oauth2": [
              "vso.packaging_write"
            ]
          }
        ]
      }
    },
    "/{organization}/{project}/_apis/packaging/feeds/{feedId}/upack/RecycleBin/packages/{packageName}/versions/{packageVersion}": {
      "delete": {
        "tags": [
          "Universal"
        ],
        "x-ms-docs-override-version": "6.1-preview.1",
        "x-ms-vss-resource": "recycleBinVersions",
        "x-ms-vss-method": "DeletePackageVersionFromRecycleBin",
        "x-ms-preview": true,
        "description": "Delete a package version from the recycle bin.\n\nThe project parameter must be supplied if the feed was created in a project.\nIf the feed is not associated with any project, omit the project parameter from the request.",
        "operationId": "Universal_Delete Package Version From Recycle Bin",
        "parameters": [
          {
            "in": "path",
            "name": "organization",
            "description": "The name of the Azure DevOps organization.",
            "required": true,
            "type": "string"
          },
          {
            "in": "path",
            "name": "feedId",
            "description": "Name or ID of the feed.",
            "required": true,
            "type": "string"
          },
          {
            "in": "path",
            "name": "packageName",
            "description": "Name of the package.",
            "required": true,
            "type": "string"
          },
          {
            "in": "path",
            "name": "packageVersion",
            "description": "Version of the package.",
            "required": true,
            "type": "string"
          },
          {
            "in": "path",
            "name": "project",
            "description": "Project ID or project name",
            "required": true,
            "x-ms-required": false,
            "type": "string"
          },
          {
            "$ref": "#/parameters/api-Version-preview.1"
          }
        ],
        "responses": {
          "200": {
            "description": "successful operation"
          }
        },
        "security": [
          {
            "oauth2": [
              "vso.packaging_manage"
            ]
          }
        ]
      },
      "get": {
        "tags": [
          "Universal"
        ],
        "x-ms-docs-override-version": "6.1-preview.1",
        "x-ms-vss-resource": "recycleBinVersions",
        "x-ms-vss-method": "GetPackageVersionMetadataFromRecycleBin",
        "x-ms-preview": true,
        "description": "Get information about a package version in the recycle bin.\n\nThe project parameter must be supplied if the feed was created in a project.\nIf the feed is not associated with any project, omit the project parameter from the request.",
        "operationId": "Universal_GetPackageVersionFromRecycleBin",
        "produces": [
          "application/json"
        ],
        "parameters": [
          {
            "in": "path",
            "name": "organization",
            "description": "The name of the Azure DevOps organization.",
            "required": true,
            "type": "string"
          },
          {
            "in": "path",
            "name": "feedId",
            "description": "Name or ID of the feed.",
            "required": true,
            "type": "string"
          },
          {
            "in": "path",
            "name": "packageName",
            "description": "Name of the package.",
            "required": true,
            "type": "string"
          },
          {
            "in": "path",
            "name": "packageVersion",
            "description": "Version of the package.",
            "required": true,
            "type": "string"
          },
          {
            "in": "path",
            "name": "project",
            "description": "Project ID or project name",
            "required": true,
            "x-ms-required": false,
            "type": "string"
          },
          {
            "$ref": "#/parameters/api-Version-preview.1"
          }
        ],
        "responses": {
          "200": {
            "description": "successful operation",
            "schema": {
              "$ref": "#/definitions/UPackPackageVersionDeletionState"
            }
          }
        },
        "security": [
          {
            "oauth2": [
              "vso.packaging"
            ]
          }
        ]
      },
      "patch": {
        "tags": [
          "Universal"
        ],
        "x-ms-docs-override-version": "6.1-preview.1",
        "x-ms-vss-resource": "recycleBinVersions",
        "x-ms-vss-method": "RestorePackageVersionFromRecycleBin",
        "x-ms-preview": true,
        "description": "Restore a package version from the recycle bin to its associated feed.\n\nThe project parameter must be supplied if the feed was created in a project.\nIf the feed is not associated with any project, omit the project parameter from the request.",
        "operationId": "Universal_Restore Package Version From Recycle Bin",
        "consumes": [
          "application/json"
        ],
        "parameters": [
          {
            "in": "path",
            "name": "organization",
            "description": "The name of the Azure DevOps organization.",
            "required": true,
            "type": "string"
          },
          {
            "in": "body",
            "name": "body",
            "description": "Set the 'Deleted' property to 'false' to restore the package.",
            "required": true,
            "schema": {
              "$ref": "#/definitions/UPackRecycleBinPackageVersionDetails"
            }
          },
          {
            "in": "path",
            "name": "feedId",
            "description": "Name or ID of the feed.",
            "required": true,
            "type": "string"
          },
          {
            "in": "path",
            "name": "packageName",
            "description": "Name of the package.",
            "required": true,
            "type": "string"
          },
          {
            "in": "path",
            "name": "packageVersion",
            "description": "Version of the package.",
            "required": true,
            "type": "string"
          },
          {
            "in": "path",
            "name": "project",
            "description": "Project ID or project name",
            "required": true,
            "x-ms-required": false,
            "type": "string"
          },
          {
            "$ref": "#/parameters/api-Version-preview.1"
          }
        ],
        "responses": {
          "200": {
            "description": "successful operation"
          }
        },
        "security": [
          {
            "oauth2": [
              "vso.packaging_manage"
            ]
          }
        ]
      }
    },
    "/{organization}/{project}/_apis/packaging/feeds/{feedId}/upack/RecycleBin/packagesBatch": {
      "post": {
        "tags": [
          "Universal"
        ],
        "x-ms-docs-override-version": "6.1-preview.1",
        "x-ms-vss-resource": "recycleBinPackagesBatch",
        "x-ms-vss-method": "UpdateRecycleBinPackageVersions",
        "x-ms-preview": true,
        "description": "Delete or restore several package versions from the recycle bin.\n\nThe project parameter must be supplied if the feed was created in a project.\nIf the feed is not associated with any project, omit the project parameter from the request.",
        "operationId": "Universal_Update Recycle Bin Package Versions",
        "consumes": [
          "application/json"
        ],
        "parameters": [
          {
            "in": "path",
            "name": "organization",
            "description": "The name of the Azure DevOps organization.",
            "required": true,
            "type": "string"
          },
          {
            "in": "body",
            "name": "body",
            "description": "Information about the packages to update, the operation to perform, and its associated data. <c>Operation</c> must be <c>PermanentDelete</c> or <c>RestoreToFeed</c>",
            "required": true,
            "schema": {
              "$ref": "#/definitions/UPackPackagesBatchRequest"
            }
          },
          {
            "in": "path",
            "name": "feedId",
            "description": "Feed which contains the packages to update.",
            "required": true,
            "type": "string"
          },
          {
            "in": "path",
            "name": "project",
            "description": "Project ID or project name",
            "required": true,
            "x-ms-required": false,
            "type": "string"
          },
          {
            "$ref": "#/parameters/api-Version-preview.1"
          }
        ],
        "responses": {
          "200": {
            "description": "successful operation"
          }
        },
        "security": [
          {
            "oauth2": [
              "vso.packaging_write"
            ]
          }
        ]
      }
    }
  },
  "definitions": {
    "BatchOperationData": {
      "description": "Do not attempt to use this type to create a new BatchOperationData. This type does not contain sufficient fields to create a new batch operation data.",
      "type": "object",
      "properties": {}
    },
    "JsonPatchOperation": {
      "description": "The JSON model for a JSON Patch operation",
      "type": "object",
      "properties": {
        "from": {
          "description": "The path to copy from for the Move/Copy operation.",
          "type": "string"
        },
        "op": {
          "description": "The patch operation",
          "enum": [
            "add",
            "remove",
            "replace",
            "move",
            "copy",
            "test"
          ],
          "x-ms-enum": {
            "name": "Operation",
            "values": [
              {
                "value": "add",
                "description": ""
              },
              {
                "value": "remove",
                "description": ""
              },
              {
                "value": "replace",
                "description": ""
              },
              {
                "value": "move",
                "description": ""
              },
              {
                "value": "copy",
                "description": ""
              },
              {
                "value": "test",
                "description": ""
              }
            ]
          }
        },
        "path": {
          "description": "The path for the operation. In the case of an array, a zero based index can be used to specify the position in the array (e.g. /biscuits/0/name). The \"-\" character can be used instead of an index to insert at the end of the array (e.g. /biscuits/-).",
          "type": "string"
        },
        "value": {
          "description": "The value for the operation. This is either a primitive or a JToken.",
          "type": "object"
        }
      }
    },
    "MinimalPackageDetails": {
      "description": "Minimal package details required to identify a package within a protocol.",
      "type": "object",
      "properties": {
        "id": {
          "description": "Package name.",
          "type": "string"
        },
        "version": {
          "description": "Package version.",
          "type": "string"
        }
      }
    },
    "Package": {
      "description": "Package version metadata for a Universal package",
      "type": "object",
      "properties": {
        "_links": {
          "description": "Related REST links.",
          "$ref": "#/definitions/ReferenceLinks"
        },
        "deletedDate": {
          "description": "If and when the package was deleted.",
          "type": "string",
          "format": "date-time"
        },
        "id": {
          "description": "Package Id.",
          "type": "string"
        },
        "name": {
          "description": "The display name of the package.",
          "type": "string"
        },
        "permanentlyDeletedDate": {
          "description": "If and when the package was permanently deleted.",
          "type": "string",
          "format": "date-time"
        },
        "version": {
          "description": "The version of the package.",
          "type": "string"
        }
      }
    },
    "PackageVersionDetails": {
      "description": "",
      "type": "object",
      "properties": {
        "views": {
          "description": "The view to which the package version will be added",
          "$ref": "#/definitions/JsonPatchOperation"
        }
      }
    },
    "ReferenceLinks": {
      "description": "The class to represent a collection of REST reference links.",
      "type": "object",
      "properties": {
        "links": {
          "description": "The readonly view of the links.  Because Reference links are readonly, we only want to expose them as read only.",
          "type": "object",
          "additionalProperties": {
            "type": "object"
          }
        }
      }
    },
    "UPackPackagesBatchRequest": {
      "description": "A batch of operations to apply to package versions.",
      "type": "object",
      "properties": {
        "data": {
          "description": "Data required to perform the operation. This is optional based on the type of the operation. Use BatchPromoteData if performing a promote operation.",
          "$ref": "#/definitions/BatchOperationData"
        },
        "operation": {
          "description": "Type of operation that needs to be performed on packages.",
          "enum": [
            "promote",
            "delete",
            "permanentDelete",
            "restoreToFeed"
          ],
          "x-ms-enum": {
            "name": "UPackBatchOperationType",
            "values": [
              {
                "value": "promote",
                "description": "Promote package versions to a release view. If constructing a UPackPackagesBatchRequest object with this type, use BatchPromoteData for its Data property. Not supported in the Recycle Bin."
              },
              {
                "value": "delete",
                "description": "Move package versions to the feed's Recycle Bin. Not supported in the Recycle Bin."
              },
              {
                "value": "permanentDelete",
                "description": "Permanently delete package versions. Only supported in the Recycle Bin."
              },
              {
                "value": "restoreToFeed",
                "description": "Restore deleted package versions to the feed. Only supported in the Recycle Bin."
              }
            ]
          }
        },
        "packages": {
          "description": "The packages onto which the operation will be performed.",
          "type": "array",
          "items": {
            "$ref": "#/definitions/MinimalPackageDetails"
          }
        }
      }
    },
    "UPackPackageVersionDeletionState": {
      "description": "Deletion state of a Universal package.",
      "type": "object",
      "properties": {
        "deletedDate": {
          "description": "UTC date the package was deleted.",
          "type": "string",
          "format": "date-time"
        },
        "name": {
          "description": "Name of the package.",
          "type": "string"
        },
        "version": {
          "description": "Version of the package.",
          "type": "string"
        }
      }
    },
    "UPackRecycleBinPackageVersionDetails": {
      "description": "",
      "type": "object",
      "properties": {
        "deleted": {
          "description": "Setting to false will undo earlier deletion and restore the package to feed.",
          "type": "boolean"
        }
      }
    }
  },
  "parameters": {
    "api-Version-preview.1": {
      "name": "api-version",
      "in": "query",
      "description": "Version of the API to use.  This should be set to '6.1-preview.1' to use this version of the api.",
      "required": true,
      "type": "string"
    }
  },
  "securityDefinitions": {
    "accessToken": {
      "type": "basic",
      "description": "Personal access token. Use any value for the user name and the token as the password."
    },
    "oauth2": {
      "type": "oauth2",
      "flow": "accessCode",
      "authorizationUrl": "https://app.vssps.visualstudio.com/oauth2/authorize&response_type=Assertion",
      "tokenUrl": "https://app.vssps.visualstudio.com/oauth2/token?client_assertion_type=urn:ietf:params:oauth:client-assertion-type:jwt-bearer&grant_type=urn:ietf:params:oauth:grant-type:jwt-bearer",
      "scopes": {
        "vso.packaging": "Grants the ability to read feeds and packages. Also grants the ability to search packages.",
        "vso.packaging_manage": "Grants the ability to create, read, update, and delete feeds and packages.",
        "vso.packaging_write": "Grants the ability to create and read feeds and packages."
      }
    }
  },
  "security": [
    {
      "accessToken": []
    }
  ],
  "externalDocs": {
    "description": "Azure DevOps REST APIs",
    "url": "https://aka.ms/azure-devops-rest-apis"
  }
}