{
  "x-ms-vss-request-method": "POST",
  "x-ms-vss-request-url": "https://fabrikam:8080/RM/_apis/pipelines/checks/runs",
  "parameters": {
    "body": {
      "id": "64dc0df7-f224-4b3b-a251-f67cbe9cf7a3",
      "resources": [
        {
          "type": "queue",
          "id": "1",
          "name": "Default"
        }
      ],
      "context": {
        "PlanId": 1,
        "Pipeline.Id": 2,
        "GraphNode.Id": 3
      }
    },
    "api-version": "6.1-preview.1",
    "account": "fabrikam"
  },
  "responses": {
    "200": {
      "headers": {
        "request-Context": "appId=cid-v1:a892bfef-0287-4640-9f5e-cffc90fbcf94",
        "access-Control-Expose-Headers": "Request-Context"
      },
      "body": {
        "status": "canceled",
        "message": "",
        "completedDate": "2020-11-19T12:59:09.6567354Z",
        "checkRuns": [
          {
            "id": "c579b5e1-9722-42e1-981e-63e004e6cb69",
            "createdDate": "2020-11-19T12:59:09.6567354Z",
            "completedDate": "2020-11-19T12:59:09.6567354Z",
            "checkConfigurationRef": {
              "id": 15,
              "type": {
                "id": "e1a1fc6c-c278-4492-ae1c-c42f8697612c",
                "name": "Authorization"
              },
              "url": "https://fabrikam:8080/d6b3e0ea-8197-4dec-831b-50e2e06ff95f/_apis/pipelines/checks/configurations/15",
              "resource": {
                "type": "queue",
                "id": "1"
              }
            },
            "status": "canceled",
            "resultMessage": "Check aborted. This could be because the run was canceled or another check on the stage failed."
          }
        ],
        "_links": {
          "self": {
            "href": "https://fabrikam:8080/d6b3e0ea-8197-4dec-831b-50e2e06ff95f/_apis/pipelines/checks/runs"
          }
        },
        "id": "64dc0df7-f224-4b3b-a251-f67cbe9cf7a3",
        "context": {
          "PlanId": 1,
          "Pipeline.Id": 2,
          "GraphNode.Id": 3
        }
      }
    }
  },
  "x-ms-vss-generated": true,
  "x-ms-vss-generated-date": "2020-11-19T18:29:09.6574488+05:30",
  "x-ms-vss-format": 1,
  "x-ms-vss-area": "PipelinesChecks",
  "x-ms-vss-resource": "runs"
}
