{
    "parameters": {
      "minRevision": "3",
      "organization": "fabrikam"
    },
    "responses": {
      "200": {
        "body": {
          "count": 2,
            "value": [
            {
              "uri": "vstfs:///Classification/TeamProject/6ce954b1-ce1f-45d1-b94d-e6bf2464ba2c",
              "id": "6ce954b1-ce1f-45d1-b94d-e6bf2464ba2c",
              "name": "Fabrikam-Fiber-Git",
              "abbreviation": null,
              "description": null,
              "visibility": "organization",
              "state": "wellFormed",
              "properties": [],
              "revision": 3,
              "lastUpdateTime": "2018-12-31T14:36:52.643Z",
              "version": 0
            },
            
            {
              "uri": "vstfs:///Classification/TeamProject/6ce954b1-ce1f-45d1-b94d-e6bf2464ba2c",
              "id": "6ce954b1-ce1f-45d1-b94d-e6bf2464ba2c",
              "name": "Fabrikam-Fiber-Git",
              "abbreviation": null,
              "description": "Git projects",
              "visibility": "organization",
              "state": "wellFormed",
              "properties": [],
              "revision": 4,
              "lastUpdateTime": "2018-12-31T14:44:21.913Z",
              "version": 0
            }
          ]
        }
      }
    },
    "x-ms-vss-migrated": true,
    "x-ms-vss-request-url": "https://dev.azure.com/{organization}/_apis/ProjectHistory?minRevision=3&api-version=5.1",
    "x-ms-vss-format": 2
  }