{
  "x-ms-vss-request-method": "PATCH",
  "x-ms-vss-request-url": "https://dev.azure.com/fabrikam/RM/_apis/pipelines/checks/runs/70b527c2-f974-536a-9d15-507ab29e7a23",
  "parameters": {
    "body": {
      "Action": 0,
      "CheckId": "d8fdaa5b-57e2-47ea-8a45-946f0b7b3f0a"
    },
    "api-version": "7.0-preview.1",
    "account": "fabrikam"
  },
  "responses": {
    "200": {
      "headers": {
        "request-Context": "appId=cid-v1:a892bfef-0287-4640-9f5e-cffc90fbcf94",
        "access-Control-Expose-Headers": "Request-Context"
      },
      "body": {
        "status": "running",
        "message": "",
        "checkRuns": [
          {
            "id": "d8fdaa5b-57e2-47ea-8a45-946f0b7b3f0a",
            "createdDate": "2023-08-17T15:07:35.2155888Z",
            "checkConfigurationRef": {
                "id": 1,
                "type": {
                    "id": "fe1de3ee-a436-41b4-bb20-f6eb4cb879a7",
                    "name": "Task Check"
                },
                "url": "https://dev.azure.com/fabrikam/8458b26c-89cf-489c-b478-7b4c0217ce53/_apis/pipelines/checks/configurations/1",
                "resource": {
                    "type": "repository",
                    "id": "8458b26c-89cf-489c-b478-7b4c0217ce53.bdda43ba-bb16-4df9-ae3d-4130510665f9"
                }
            },
            "status": "running"
          }
        ],
        "_links": {
          "self": {
            "href": "https://dev.azure.com/fabrikam/8458b26c-89cf-489c-b478-7b4c0217ce53/_apis/pipelines/checks/runs"
          }
        },
        "id": "70b527c2-f974-536a-9d15-507ab29e7a23",
        "context": {
            "Id": "70b527c2-f974-536a-9d15-507ab29e7a23",
            "OrchestrationId": "1c7b6473-8773-4677-923c-842e2b1074ea.__default.1.checkpoint",
            "PlanId": "1c7b6473-8773-4677-923c-842e2b1074ea",
            "HubName": "Build",
            "Project": {
                "Id": "8458b26c-89cf-489c-b478-7b4c0217ce53",
                "Name": "test"
            },
            "Pipeline": {
                "Owner": {
                    "_links": {
                        "web": {
                            "Href": "https://dev.azure.com/fabrikam/8458b26c-89cf-489c-b478-7b4c0217ce53/_build/results?buildId=28"
                        },
                        "self": {
                            "Href": "https://dev.azure.com/fabrikam/8458b26c-89cf-489c-b478-7b4c0217ce53/_apis/build/Builds/28"
                        }
                    },
                    "Id": 28,
                    "Name": "20230811.2"
                },
                "Id": "1",
                "Name": "test"
            },
            "GraphNode": {
                "Attempt": 1,
                "Id": "f70a4ffd-001e-530b-b6de-8d07b3f9171f",
                "Name": "__default"
            }
        }
      }
    }
  },
  "x-ms-vss-generated": true,
  "x-ms-vss-generated-date": "2023-08-17T18:29:09.6574488+05:30",
  "x-ms-vss-format": 1,
  "x-ms-vss-area": "PipelinesChecks",
  "x-ms-vss-resource": "runs"
}