{
  "x-ms-vss-request-method": "DELETE",
  "x-ms-vss-request-url": "https://fabrikam:8080/RM/_apis/pipelines/checks/configurations/29",
  "parameters": {
    "api-version": "6.1-preview.1",
    "account": "fabrikam"
  },
  "responses": {
    "204": {
      "headers": {
        "request-Context": "appId=cid-v1:a892bfef-0287-4640-9f5e-cffc90fbcf94",
        "access-Control-Expose-Headers": "Request-Context"
      }
    }
  },
  "x-ms-vss-generated": true,
  "x-ms-vss-generated-date": "2020-11-19T17:23:33.4190705+05:30",
  "x-ms-vss-format": 1,
  "x-ms-vss-area": "PipelinesChecks",
  "x-ms-vss-resource": "configurations"
}
