{
  "x-ms-vss-request-method": "POST",
  "x-ms-vss-request-url": "https://fabrikam:8080/RM/_apis/pipelines/checks/configurations",
  "parameters": {
    "body": {
      "settings": {
        "approvers": [
          {
            "displayName": null,
            "id": "3b3db741-9d03-4e32-a7c0-6c3dfc2013c1"
          }
        ],
        "executionOrder": "anyOrder",
        "minRequiredApprovers": 0,
        "instructions": "Instructions",
        "blockedApprovers": []
      },
      "timeout": 43200,
      "type": {
        "id": "8c6f20a7-a545-4486-9777-f762fafe0d4d",
        "name": "Approval"
      },
      "resource": {
        "type": "queue",
        "id": "1",
        "name": "Default"
      }
    },
    "api-version": "6.1-preview.1",
    "account": "fabrikam"
  },
  "responses": {
    "200": {
      "headers": {
        "request-Context": "appId=cid-v1:a892bfef-0287-4640-9f5e-cffc90fbcf94",
        "access-Control-Expose-Headers": "Request-Context"
      },
      "body": {
        "settings": {
          "approvers": [
            {
              "displayName": null,
              "id": "3b3db741-9d03-4e32-a7c0-6c3dfc2013c1"
            }
          ],
          "executionOrder": "anyOrder",
          "minRequiredApprovers": 0,
          "instructions": "Instructions",
          "blockedApprovers": []
        },
        "createdBy": {
          "displayName": "User Name",
          "id": "3b3db741-9d03-4e32-a7c0-6c3dfc2013c1",
          "uniqueName": "uniqueName",
          "descriptor": "Descriptor"
        },
        "createdOn": "2020-11-19T10:50:46.0110496Z",
        "modifiedBy": {
          "displayName": "User Name",
          "id": "3b3db741-9d03-4e32-a7c0-6c3dfc2013c1",
          "uniqueName": "uniqueName",
          "descriptor": "Descriptor"
        },
        "modifiedOn": "2020-11-19T10:50:46.0110496Z",
        "timeout": 43200,
        "_links": {
          "self": {
            "href": "https://fabrikam:8080/d6b3e0ea-8197-4dec-831b-50e2e06ff95f/_apis/pipelines/checks/configurations/19"
          }
        },
        "id": 19,
        "type": {
          "id": "8c6f20a7-a545-4486-9777-f762fafe0d4d",
          "name": "Approval"
        },
        "url": "https://fabrikam:8080/d6b3e0ea-8197-4dec-831b-50e2e06ff95f/_apis/pipelines/checks/configurations/19",
        "resource": {
          "type": "queue",
          "id": "1",
          "name": "Default"
        }
      }
    }
  },
  "x-ms-vss-generated": true,
  "x-ms-vss-generated-date": "2020-11-19T16:20:46.023256+05:30",
  "x-ms-vss-format": 1,
  "x-ms-vss-area": "PipelinesChecks",
  "x-ms-vss-resource": "configurations"
}
