{
  "parameters": {
    "project": "Fabrikam-Fiber-Git",
    "groupId": "999EF3B4-93E1-4086-86C2-5E8BD24512C7",
    "dashboardId": "7562562a-4f9f-4258-94a9-b048b1c817cf",
    "widgetId": "f453fa65-6bcc-4534-9210-8c3cfa72cb1a",
    "organization": "fabrikam"
  },
  "responses": {
    "204": {}
  },
  "x-ms-vss-migrated": true,
  "x-ms-vss-request-url": "https://dev.azure.com/fabrikam/Fabrikam-Fiber-Git/_apis/dashboard/groups/999EF3B4-93E1-4086-86C2-5E8BD24512C7/dashboards/7562562a-4f9f-4258-94a9-b048b1c817cf/widgets/f453fa65-6bcc-4534-9210-8c3cfa72cb1a?api-version=1.0",
  "x-ms-vss-format": 2
}